-,Completed?,Study Used?,Study ID,Author.Year,Filtered,Database,Authors,Title,Reason Rejected
Alexa,Yes,Yes,13,Truong et al. 2014,Alexa,ISI,"Trinh Si-Hai Truong; Cho Nguyen; Nguyen-Ngoc Lam; Jensen, K. Thomas","Seasonal and spatial distribution of mesozooplankton in a tropical estuary, Nha Phu, South Central Viet Nam",
Alexa,Yes,Yes,32,Rigual-Hernandez et al. 2013,Alexa,ISI,"Rigual-Hernandez, Andres S.; Barcena, Maria A.; Jordan, Richard W.; Sierro, Francisco J.; Flores, Jose A.; Meier, K. J. Sebastian; Beaufort, Luc; Heussner, Serge",Diatom fluxes in the NW Mediterranean: evidence from a 12-year sediment trap record and surficial sediments,
Alexa,Yes,Yes,79,Jin et al. 2013,Alexa,ISI,Jin XianShi; Shan XiuJuan; Li XianSen; Wang Jun; Cui Yi; Zuo Tao,"Long-term changes in the fishery ecosystem structure of Laizhou Bay, China",
Alexa,Yes,No,93,Valdiva et al. 2013,Alexa,ISI,"Valdivia, Nelson; Gonzalez, Andres E.; Manzur, Tatiana; Broitman, Bernardo R.",Mesoscale Variation of Mechanisms Contributing to Stability in Rocky Shore Communities,Only one time point
Alexa,Yes,No,119,Aubry et al. 2012,Alexa,ISI,"Aubry, Fabrizio Bernardi; Cossarini, Gianpiero; Acri, Francesco; Bastianini, Mauro; Bianchi, Franco; Camatti, Elisa; De Lazzari, Amelia; Pugnetti, Alessandra; Solidoro, Cosimo; Socal, Giorgio",Plankton communities in the northern Adriatic Sea: Patterns and changes over the last 30 years,No yearly breakdown of richness over years
Alexa,Yes,Yes,130,Pacheco et al. 2012,Alexa,ISI,"Pacheco, Aldo S.; Riascos, Jose M.; Orellana, Fernanda; Oliva, Marcelo E.",El Nino-Southern Oscillation cyclical modulation of macrobenthic community structure in the Humboldt Current ecosystem,
Alexa,Yes,No,168,Guijarro et al. 2012,Alexa,ISI,"Guijarro, Beatriz; Fanelli, Emanuela; Moranta, Joan; Cartes, Joan E.; Massuti, Enric",Small-scale differences in the distribution and population dynamics of pandalid shrimps in the western Mediterranean in relation to environmental factors,Only looks at one guy
Alexa,Yes,No,223,,Daniel,ISI,"Batten, Sonia D.; Walne, Anthony W.",Variability in northwards extension of warm water copepods in the NE Pacific,No diversity data by year and sampling methods (area) vary but there was no data on how they varied
Alexa,Yes,Yes,230,,Daniel,ISI,"Jelbart, J. E.; Schreider, M.; MacFarlane, G. R.",An investigation of benthic sediments and macrofauna within pearl farms of Western Australia,
Alexa,Yes,No,247,,Daniel,ISI,"Dijkstra, Jennifer A.; Westerman, Erica L.; Harris, Larry G.","The effects of climate change on species composition, succession and phenology: a case study",No annual species richness/diversity/high resolution taxonomic data
Alexa,Yes,No,328,,Jillian,ISI,"Hewitt, Judi E.; Thrush, Simon F.","Empirical evidence of an approaching alternate state produced by intrinsic community dynamics, climatic variability and management actions",No species specific data given
Alexa,Yes,Yes,337,,Jillian,ISI,"Peterson, William T.",COPEPOD SPECIES RICHNESS AS AN INDICATOR OF LONG-TERM CHANGES IN THE COASTAL ECOSYSTEM OF THE NORTHERN CALIFORNIA CURRENT,
Alexa,,,343,,Jillian,ISI,"Baker, Rebekah Duncan; Hallock, Pamela; Moses, Elizabeth F.; Williams, Dana E.; Ramirez, Alexa","LARGER FORAMINIFERS OF THE FLORIDA REEF TRACT, USA: DISTRIBUTION PATTERNS ON REEF-RUBBLE HABITATS",
Alexa,Yes,Yes,360,,Jillian,ISI,"Primo, Ana Ligia; Azeiteiro, Ulisses Miranda; Marques, Sonia Cotrim; Martinho, Filipe; Pardal, Miguel Angelo",Changes in zooplankton diversity and distribution pattern under varying precipitation regimes in a southern temperate estuary,
Alexa,Yes,Yes,394,,Jillian,ISI,"Ruflno, M. M.; Gaspar, M. B.; Maynou, F.; Monteiro, C. C.",Regional and temporal changes in bivalve diversity off the south coast of Portugal,
Alexa,Yes,No,421,,Jillian,ISI,"Allen, Dennis M.; Ogburn-Matthews, Virginia; Buck, Tracy; Smith, Erik M.",Mesozooplankton Responses to Climate Change and Variability in a Southeastern US Estuary (1981-2003),No annual breakdown of species richness
Alexa,Yes,Yes,440,,Marc,ISI,"James, Nicola C.; Whitfield, Alan K.; Cowley, Paul D.",Long-term stability of the fish assemblages in a warm-temperate South African estuary,
Alexa,Yes,No,443,,Marc,ISI,"Richards, Zoe T.; Beger, Maria; Pinca, Silvia; Wallace, Carden C.",Bikini Atoll coral biodiversity resilience five decades after nuclear testing,I think sampling methods differed between years.
Alexa,Yes,No,464,,Marc,ISI,"Branco, Joaquirn O.","Aquatic avifauna at Saco da Fazenda (Itajai, Santa Catarina, Brazil): one decade of monitoring",Not marine birds
Alexa,Yes,No,490,,Marc,ISI,"Smith, Tyler B.; Purcell, John; Barimo, John F.",The rocky intertidal biota of the Florida Keys: Fifty-two years of change after Stephenson and Stephenson (1950),Different sampling methods and taxonomic resolution across years
Alexa,Yes,No,508,,Marc,ISI,"Nagai, Naoki; Tadokoro, Kazuaki; Kuroda, Kazunori; Sugimoto, Takashige",Occurrence characteristics of chaetognath species along the PM transect in the Japan Sea during 1972-2002,Only present data for 'important'/dominant chaetognath species
Alexa,Yes,No,510,,Marc,ISI,"Lan, Zhuhong; Chen, Guizhu",[Degradation of main ecosystems in South China Sea and corresponding conservation countermeasures].,Not a research paper
Alexa,Yes,No,535,,Marc,ISI,"Tian, YJ; Kidokoro, H; Watanabe, T",Long-term changes in the fish community structure from the Tsushima warm current region of the Japan/East Sea with an emphasis on the impacts of fishing and climate regime shift over the last four decades,Uses fisheries data that does not have standardised methods
Alexa,,,552,,Patrick,ISI,"Danovaro, R; Dell'Anno, A; Pusceddu, A",Biodiversity response to climate change in a warm deep sea,
Alexa,Yes,Yes,554,,Patrick,ISI,"Conlan, KE; Kim, SL; Lenihan, HS; Oliver, JS","Benthic changes during 10 years of organic enrichment by McMurdo Station, Antarctica",
Alexa,Yes,No,566,,Patrick,ISI,"Shackell, NL; Frank, KT","Marine fish diversity on the Scotian Shelf, Canada",No annual breakdown of species richness
Alexa,,,602,,Tenzing,ISI,"Blanchard, F",Dynamics of harvested demersal fish communities: analysis of the species diversity in the Bay of Biscay (Atlantic Ocean) and in the Gulf of Lions (Mediterranean Sea).,
Alexa,,,607,,Tenzing,ISI,"Ghertsos, K; Luczak, C; Dewarumez, JM; Dauvin, JC",Influence of spatial scales of observation on temporal change in diversity and trophic structure of fine-sand communities from the English Channel and the southern North Sea,
Alexa,,,614,,Tenzing,ISI,"Francour, P","Long term monitoring of Posidonia oceanica fish assemblages of the Scandola Marine Reserve (Corsica, northwestern Mediterranean).",
Alexa,,,620,,Tenzing,ISI,"Lazzari, MA; Sherman, S; Brown, CS; King, J; Joule, BJ; Chenoweth, SB; Langton, RW",Seasonal and annual variations in abundance and species composition of two nearshore fish communities in Maine,
Alexa,,,641,,Tenzing,ISI,"Wilson, RS; Heislers, S; Poore, GCB","Changes in benthic communities of Port Phillip Bay, Australia, between 1969 and 1995",
Alexa,Yes,No,646,,Jarrett,ISI,"Bebars, MI; Lasserre, G; Hoai, TL",Analysis of Egyptian marine and lagoon fishery landings in relation to the construction of the Aswan Dam,Low taxonomic resolution
Alexa,Yes,No,649,,Jarrett,ISI,"Stull, JK; Tang, CL","Demersal fish trawls off Palos Verdes, southern California, 1973-1993",
Alexa,,,661,,Jarrett,ISI,"MAURER, D; ROBERTSON, G; GERLINGER, T","LONG-TERM TEMPORAL AND SPATIAL FLUCTUATIONS OF SOFT-BOTTOM INFAUNAL INVERTEBRATES ASSOCIATED WITH AN OCEAN OUTFALL FROM THE SAN PEDRO SHELF, CALIFORNIA",
Alexa,Yes,No,724,,Aaron,Aquatic Commons,"Marancik, K., Richardson, D., Lyczkowski-Shultz, J., Cowen, R. and Konieczna, M.",Spatial and temporal distribution of grouper larvae (Serranidae: Epinephelinae: Epinephelini) in the Gulf of Mexico and Straits of Florida.,Only looks at one species
Alexa,Yes,No,731,,Aaron,Aquatic Commons,"Powell, A. and Robbins, R.","Ichthyoplankton Adjacent to LiveÌÄåâÌâå_Bottom Habitats in Onslow Bay, North Carolina.",Only one time point
Alexa,Yes,No,52,Do et al. 2013,Alexa,ISI,"Do, V. Tu; Blanchet, Hugues; de Montaudouin, Xavier; Lavesque, Nicolas",Limited Consequences of Seagrass Decline on Benthic Macrofauna and Associated Biotic Indicators,No yearly breakdown of species richness
Alexa,Yes,Yes,55,Chaudhuri et al. 2013,Alexa,ISI,"Chaudhuri, Atreyee; Mukherjee, Sudeshna; Homechaudhuri, Sumit",Seasonal dynamics of fish assemblages in an intertidal mudflat of Indian Sundarbans,
Alexa,Yes,No,74,Collie et al. 2013,Alexa,ISI,"Collie, Jeremy; Rochet, Marie-Joelle; Bell, Richard",Rebuilding fish communities: the ghost of fisheries past and the virtue of patience,Not a research paper
Alexa,Yes,No,83,Shephard et al. 2013,Alexa,ISI,"Shephard, Samuel; Fung, Tak; Rossberg, Axel G.; Farnsworth, Keith D.; Reid, David G.; Greenstreet, Simon P. R.; Warnes, Steve",Modelling recovery of Celtic Sea demersal fish community size-structure,Modeling paper
Alexa,Yes,No,91,Moore et al. 2013,Alexa,ISI,"Moore, Jeffrey E.; Barlow, Jay P.",Declining Abundance of Beaked Whales ( Family Ziphiidae) in the California Current Large Marine Ecosystem,Only one type of organism
Alexa,Yes,No,117,Verissimo et al. 2013,Alexa,ISI,"Verissimo, Helena; Lane, Michael; Patricio, Joana; Gamito, Sofia; Marques, Joao Carlos",Trends in water quality and subtidal benthic communities in a temperate estuary: Is the response to restoration efforts hidden by climate variability and the Estuarine Quality Paradox?,No yearly species data
Alexa,Yes,No,120,Camacho et al. 2012,Alexa,ISI,"Camacho, Antonio; Peinado, Raquel; Santamans, Anna C.; Picazo, Antonio",Functional ecological patterns and the effect of anthropogenic disturbances on a recently restored Mediterranean coastal lagoon. Needs for a sustainable restoration,No species data
Alexa,Yes,No,131,Zhou et al. 2012,Alexa,ISI,"Zhou, Hong; Zhang, Zhinan; Liu, Xiaoshou; Hua, Er","Decadal change in sublittoral macrofaunal biodiversity in the Bohai Sea, China",Inconsistent sampling through time - provide decadal averages (but not even comparable) and do not include yearly data
Alexa,Yes,No,133,Freund et al. 2012,Alexa,ISI,"Freund, Jan A.; Gruener, Nico; Bruese, Sabrina; Wiltshire, Karen H.","Changes in the phytoplankton community at Helgoland, North Sea: lessons from single spot time series analyses",No species diversity data
Alexa,Yes,No,141,Piazzi et al. 2012,Alexa,ISI,"Piazzi, L.; Cecchi, E.; Serena, F.",SPATIAL AND TEMPORAL PATTERNS OF DIVERSITY IN MEDITERRANEAN ROCKY REEF FISH ASSEMBLAGES,No yearly species data
Alexa,Yes,Yes,144,Burd et al. 2012,Alexa,ISI,"Burd, B.; Bertold, S.; Macdonald, T.","Responses of infaunal composition, biomass and production to discharges from a marine outfall over the past decade",
Alexa,Yes,No,148,Ruzicka et al. 2012,Alexa,ISI,"Ruzicka, James J.; Brodeur, Richard D.; Emmett, Robert L.; Steele, John H.; Zamon, Jeannette E.; Morgan, Cheryl A.; Thomas, Andrew C.; Wainwright, Thomas C.","Interannual variability in the Northern California Current food web structure: Changes in energy flow pathways and the role of forage fish, euphausiids, and jellyfish",Food web paper
Alexa,Yes,No,151,Francis et al. 2012,Alexa,ISI,"Francis, Tessa B.; Scheuerell, Mark D.; Brodeur, Richard D.; Levin, Phillip S.; Ruzicka, James J.; Tolimieri, Nick; Peterson, William T.",Climate shifts the interaction web of a marine plankton community,No species specific data given
Alexa,Yes,No,153,Chowdhury et al. 2012,Alexa,ISI,"Chowdhury, Chumki; Majumder, Natasha; Ray, Raghab; Jana, Tapan Kumar",Inter-annual abundance variation in some genera of diatom and zooplankton in a mangrove ecosystem,Only selected species data are presented
Alexa,Yes,No,176,,Daniel,ISI,"Schloss, Irene R.; Abele, Doris; Moreau, Sebastien; Demers, Serge; Bers, A. Valeria; Gonzalez, Oscar; Ferreyra, Gustavo A.",Response of phytoplankton dynamics to 19-year (1991-2009) climate trends in Potter Cove (Antarctica),No species diversity data
Alexa,Yes,No,177,,Daniel,ISI,"Eriksen, Elena; Prozorkevich, Dmitry; Trofimov, Aleksandr; Howell, Daniel","Biomass of Scyphozoan Jellyfish, and Its Spatial Association with 0-Group Fish in the Barents Sea",Focus on one guy
Alexa,Yes,No,189,,Daniel,ISI,"Burne, Robert V.; Johnson, Ken","Sea-level variation and the zonation of microbialites in Hamelin Pool, Shark Bay, Western Australia","Microbes!
"
Alexa,Yes,No,194,,Daniel,ISI,"Wiff, Rodrigo; Carlos Quiroz, Juan; Gatica, Claudio; Contreras, Francisco; Paramo, Jorge; Barrientos, Mauricio A.",Uncertain population dynamic and state variables of alfonsino (Beryx splendens),Only one organism
Marc,Yes,No,215,,Daniel,ISI,"Herrera Carmona, Julio CÌÄåÄÌâå©sar; Capella Alzueta, Juan JosÌÄåÄÌâå©; Soler, GermÌÄåÄÌâåÁn AndrÌÄåÄÌâå©s; Bessudo, Sandra; GarcÌÄåÄÌâå_a, Carolina; FlÌÄåÄÌâå_rez-GonzÌÄåÄÌâåÁlez, LiliÌÄåÄÌâåÁn",OCURRENCIA Y TASAS DE ENCUENTRO DE MAMÌÄåÄÌâåçFEROS MARINOS EN LAS AGUAS DE LA ISLA MALPELO Y HACIA EL CONTINENTE,"Multiple sampling methods were combined across years, with different time periods and methods"
Marc,Yes,No,235,,Daniel,ISI,"Staglicic, N.; Matic-Skoko, S.; Pallaoro, A.; Grgicevic, R.; Kraljevic, M.; Tutman, P.; Dragicevic, B.; Dulcic, J.",Long-term trends in the structure of eastern Adriatic littoral fish assemblages: Consequences for fisheries management,No species specific data given
Marc,Yes,No,237,,Daniel,ISI,"Louhi, Pauliina; Mykra, Heikki; Paavola, Riku; Huusko, Ari; Vehanen, Teppo; Maki-Petays, Aki; Muotka, Timo",Twenty years of stream restoration in Finland: little response by benthic macroinvertebrate communities,Not marine
Pat,Yes,No,242,,Daniel,ISI,"Banas, Neil S.",Adding complex trophic interactions to a size-spectral plankton model: Emergent diversity patterns and limits on predictability,Modeling paper
Pat,Yes,No,248,,Daniel,ISI,"Somarakis, Stylianos; Ramfos, Alexis; Palialexis, Andreas; Valavanis, Vasilis D.",Contrasting multispecies patterns in larval fish production trace inter-annual variability in oceanographic conditions over the NE Aegean Sea continental shelf (Eastern Mediterranean),Looks at larvae and doesn't identify the larvae
Pat,Yes,Yes,254,,Daniel,ISI,"Henderson, P. A.; Seaby, R. M. H.; Somes, J. R.",Community level response to climate change: The long-term study of the fish and crustacean community of the Bristol Channel,
Pat,Yes,No,258,,Daniel,ISI,"Broitman, Bernardo R.; Veliz, Fredy; Manzur, Tatiana; Wieters, Evie A.; Randall Finke, G.; Fornes, Paulina A.; Valdivia, Nelson; Navarrete, Sergio A.",Geographic variation in diversity of wave exposed rocky intertidal communities along central Chile,"Presents total results, does not break things apart temporally"
Pat,Yes,No,265,,Daniel,ISI,"Johnson, Catherine L.; Runge, Jeffrey A.; Curtis, K. Alexandra; Durbin, Edward G.; Hare, Jonathan A.; Incze, Lewis S.; Link, Jason S.; Melvin, Gary D.; O'Brien, Todd D.; Van Guelpen, Lou",Biodiversity and Ecosystem Function in the Gulf of Maine: Pattern and Role of Zooplankton and Pelagic Nekton,Review paper
Pat,Yes,No,266,,Daniel,ISI,"Atkinson, L. J.; Leslie, R. W.; Field, J. G.; Jarre, A.","Changes in demersal fish assemblages on the west coast of South Africa, 1986-2009",
Pat,Yes,No,274,,Daniel,ISI,"Rodrigues, Marcelo; Garci, Manuel E.; Troncoso, Jesus S.; Guerra, Angel",Seasonal abundance of the Atlantic bobtail squid Sepiola atlantica in Galician waters (NE Atlantic),Only looks at one organism
Pat,Yes,No,276,,Daniel,ISI,"Narayanaswamy, Bhavani E.; Renaud, Paul E.; Duineveld, Gerard C. A.; Berge, Jorgen; Lavaleye, Marc S. S.; Reiss, Henning; Brattegard, Torleiv",Biodiversity Trends along the Western European Margin,"A synthesis paper about diversity in a region, not a paper looking at diversity over time"
Pat,Yes,No,277,,Daniel,ISI,"Ferraro, Steven P.; Cole, Faith A.",Ecological periodic tables for nekton usage of four US Pacific Northwest estuarine habitats,"Only does a period of 3 months
"
Pat,Yes,No,283,,Daniel,ISI,"Abdussamad, E. M.; Pillai, N. G. K.; Mohammed, O. M. M. J. Habeeb; Jayabalan, K.",Sardines of the Gulf of Mannar ecosystem - fishery and resource characteristics of major species,Only looks at one species
Pat,Yes,No,296,,Jillian,ISI,"Beaugrand, Gregory; Edwards, Martin; Legendre, Louis","Marine biodiversity, ecosystem functioning, and carbon cycles",All data in heatmaps...yeah
Pat,Yes,No,297,,Jillian,ISI,"Valdovinos, Claudio; Kiessling, Andrea; Mardones, Maria; Moya, Carolina; Oyanedel, Alejandra; Salvo, Jacqueline; Olmos, Viviana; Parra, Oscar",Distribution of macroinvertebrates (Plecoptera and Aeglidae) in fluvial ecosystems of the Chilean Patagonia: Do they show biological signals of the postglacial geomorphological evolution?,This is not marine
Pat,Yes,No,301,,Jillian,ISI,"Widdicombe, C. E.; Eloire, D.; Harbour, D.; Harris, R. P.; Somerfield, P. J.",Long-term phytoplankton community dynamics in the Western English Channel,Bacterias
Pat,Yes,No,306,,Jillian,ISI,"De'ath, Glenn; Fabricius, Katharina",Water quality as a regional driver of coral biodiversity and macroalgae on the Great Barrier Reef,"Only has cover of algae and coral, no diversity estimates"
Pat,Yes,No,310,,Jillian,ISI,"Wiltshire, Karen Helen; Kraberg, Alexandra; Bartsch, Inka; Boersma, Maarten; Franke, Heinz-Dieter; Freund, Jan; Gebuehr, Christina; Gerdts, Gunnar; Stockmann, Karina; Wichels, Antje","Helgoland Roads, North Sea: 45 Years of Change",Changes sampling method twice in exp
Pat,Yes,No,342,,Jillian,ISI,"Paton, D. C.; Rogers, D. J.; Hill, B. M.; Bailey, C. P.; Ziembicki, M.","Temporal changes to spatially stratified waterbird communities of the Coorong, South Australia: implications for the management of heterogenous wetlands","While I love me some marshes, this is a fresh water marsh"
Pat,Yes,No,357,,Jillian,ISI,"Stobart, Ben; Warwick, Richard; Gonzalez, Cesar; Mallol, Sandra; Diaz, David; Renones, Olga; Goni, Raquel",Long-term and spillover effects of a marine protected area on an exploited fish community,There be no diversity in thsi paper
Pat,Yes,No,359,,Jillian,ISI,"d'Elbee, Jean; Castege, Iker; Hemery, Georges; Lalanne, Yann; Mouches, Claude; Pautrizel, Francoise; D'Amico, Frank",Variation and temporal patterns in the composition of the surface ichthyoplankton in the southern Bay of Biscay (W. Atlantic),
Pat,Yes,Yes,362,,Jillian,ISI,"Conversi, A.; Peluso, T.; Fonda-Umani, S.",Gulf of Trieste: A changing ecosystem,
Pat,Yes,Yes,366,,Jillian,ISI,"Frid, C. L. J.; Garwood, P. R.; Robinson, L. A.",The North Sea benthic system: a 36 year time-series,
Pat,Yes,No,376,,Jillian,ISI,"Jester, Rozalind; Lefebvre, Kathi; Langlois, Gregg; Vigilant, Veronica; Baugh, Keri; Silver, Mary W.",A shift in the dominant toxin-producing algal species in central California alters phycotoxins in food webs,Is a paper looking mostly at toxins and only focuses on <5 spcies.
Pat,Yes,No,380,,Jillian,ISI,"Guidi-Guilvard, L. D.; Thistle, D.; Khripounoff, A.; Gasparini, S.",Dynamics of benthic copepods and other meiofauna in the benthic boundary layer of the deep NW Mediterranean Sea,"Looked at biomass flux, not diversity"
Pat,Yes,No,399,,Jillian,ISI,"Mathieson, Arthur C.; Hehre, Edward J.; Dawes, Clinton J.; Neefus, Christopher D.","An historical comparison of seaweed populations from Casco Bay, Maine",
Pat,Yes,No,425,,Marc,ISI,"Dong, Junde; Zhang, Yanying; Wang, Youshao; Zhang, Si; Wang, Hankui","Spatial and seasonal variations of Cyanobacteria and their nitrogen fixation rates in Sanya Bay, South China Sea",Bacterias
Pat,Yes,No,429,,Marc,ISI,"Micheli, Fiorenza; Bishop, Melanie J.; Peterson, Charles H.; Rivera, Jose",Alteration of seagrass species composition and function over two decades,"Looked at plant metrics of two plants, not diversity"
Pat,Yes,No,432,,Marc,ISI,"Tsehaye, Yob; Nagelkerke, Leopold A. J.",Exploring optimal fishing scenarios for the multispecies artisanal fisheries of Eritrea using a trophic model,Modeling paper
Pat,Yes,No,433,,Marc,ISI,"Ruhl, Henry A.",Community change in the variable resource habitat of the abyssal northeast Pacific,Only has beta diversity
Pat,Yes,No,447,,Marc,ISI,"Sandvik, Hanno; Erikstad, Kjell Einar",Seabird life histories and climatic fluctuations: a phylogenetic-comparative time series analysis of North Atlantic seabirds,"Not a biodiversity paper, morte of a life history and physiologial response paper"
Pat,Yes,No,451,,Marc,ISI,"McClanahan, T. R.",Response of the coral reef benthos and herbivory to fishery closure management and the 1998 ENSO disturbance,Doesn't identify species
Pat,Yes,No,460,,Marc,ISI,"Salvat, Bernard; Aubanel, Annie; Adjeroud, Mehdi; Bouisset, Patrick; Calmet, Dominique; Chancerelle, Yannick; Cochennec, Nathalie; Davies, Neil; Fougerousse, Anglique; Galzin, Rene; Lagouy, Elodie; Lo, Cedrik; Monier, Christian; Ponsonnet, Cedric; Remoissenet, Georges; Schneider, Denis; Stein, Arsene; Tatarata, Miri; Villiers, Laurent",Monitoring of French Polynesia coral reefs and their recent development,"Only has percent cover of area, nothing about diversity of corals"
Pat,Yes,No,461,,Marc,ISI,"Gascuel, D.; Labrosse, P.; Meissa, B.; Sidl, M. O. Taleb; Guenette, S.",Decline of demersal resources in North-West Africa: an analysis of Mauritanian trawl-survey data over the past 25 years,Changed sampling methods a lot!
Pat,Yes,No,467,,Marc,ISI,"Mumby, Peter J.; Hastings, Alan; Edwards, Helen J.",Thresholds and the resilience of Caribbean coral reefs,Modeling paper
Pat,Yes,No,468,,Marc,ISI,"Link, Jason. S.","Underappreciated species in ecology: ""ugly fish"" in the northwest Atlantic Ocean",Doesn't have any data
Pat,Yes,Yes,469,,Marc,ISI,"Ponti, Massimo; Colangelo, Marina Antonia; Ceccherelli, Victor Ugo","Composition, biomass and secondary production of the macrobenthic invertebrate assemblages in a coastal lagoon exploited for extensive aquaculture: Valle Smarlacca (northern Adriatic Sea)",
Pat,Yes,No,471,,Marc,ISI,"Pranovi, Fabio; Da Ponte, Filippo; Torricelli, Patrizia",Application of biotic indices and relationship with structural and functional features of macrobenthic community in the lagoon of Venice: an example over a long time series of data,No diversity datas
Pat,Yes,No,474,,Marc,ISI,"Zhang, B.; Tang, Q.; Jin, X.",Decadal-scale variations of trophic levels at high trophic levels in the Yellow Sea and the Bohai Sea ecosystem,Its a trophic level paper and doesn't have any species data
Pat,Yes,Yes,477,,Marc,ISI,"Labrune, C.; Gremare, A.; Guizien, K.; Amouroux, J. M.",Long-term comparison of soft bottom macrobenthos in the Bay of Banyuls-sur-Mer (north-western Mediterranean Sea): A reappraisal,
Pat,Yes,No,480,,Marc,ISI,"Castilla, J. C.; Campo, M. A.; Bustamante, R. H.","Recovery of Durvillaea antarctica (Durvilleales) inside and outside Las Cruces marine reserve, Chile","Only looks at one species
"
Pat,Yes,Yes,482,,Marc,ISI,"Dolbeth, M.; Cardoso, P. G.; Ferreira, S. M.; Verdelhos, T.; Raffaelli, D.; Pardal, M. A.",Anthropogenic and natural disturbance effects on a macrobenthic estuarine community over a 10-year period,
Pat,Yes,No,501,,Marc,ISI,"Worm, Boris; Barbier, Edward B.; Beaumont, Nicola; Duffy, J. Emmett; Folke, Carl; Halpern, Benjamin S.; Jackson, Jeremy B. C.; Lotze, Heike K.; Micheli, Fiorenza; Palumbi, Stephen R.; Sala, Enric; Selkoe, Kimberley A.; Stachowicz, John J.; Watson, Reg",Impacts of biodiversity loss on ocean ecosystem services,A synthesis paper looking at ecosystem function
Pat,Yes,No,505,,Marc,ISI,"Schoch, G. Carl; Menge, Bruce A.; Allison, Gary; Kavanaugh, Maria; Thompson, Sarah Ann; Wood, Spencer A.",Fifteen degrees of separation: Latitudinal gradients of rocky intertidal biota along the California Current,Data is in crazy format that is unusuble
Pat,Yes,No,513,,Marc,ISI,"Levin, Phillip S.; Holmes, Elizabeth E.; Piner, Kevin R.; Harvey, Chris J.",Shifts in a Pacific ocean fish assemblage: the potential influence of exploitation,"No diversity data, only trends in biomass"
Pat,Yes,No,515,,Marc,ISI,"Wang, Zhaohui; Qi, Yuzao; Chen, Jufeng; Xu, Ning; Yang, Yufeng","Phytoplankton abundance, community structure and nutrients in cultural areas of Daya Bay, South China Sea",Microbes
Pat,Yes,Yes,516,,Marc,ISI,"Bigot, Lionel; Conand, Chantal; Amouroux, Jean Michel; Frouin, Patrick; Bruggemann, Henrich; Gremare, Antoine",Effects of industrial outfalls on tropical macrobenthic sediment communities in Reunion Island (Southwest Indian Ocean),
Pat,Yes,No,521,,Marc,ISI,"Garcia, Alexandre M.; Bemvenuti, Marlise A.; Vieira, Joao P.; Marques, David M. L. Motta; Burns, Marcelo D. M.; Moresco, Alex; Condini, Mario Vinicius L.","Checklist comparison and dominance patterns of the fish fauna at Taim Wetland, South Brazil",Just a species list
Pat,Yes,No,522,,Marc,ISI,"Bailey, DM; Ruhl, HA; Smith, KL",Long-term change in benthopelagic fish abundance in the abyssal northeast Pacific Ocean,Does not have the data needed
Pat,Yes,No,526,,Marc,ISI,"Thornhill, DJ; LaJeunesse, TC; Kemp, DW; Fitt, WK; Schmidt, GW","Multi-year, seasonal genotypic surveys of coral-algal symbioses reveal prevalent stability or post-bleaching reversion",This is a genetics paper
Pat,Yes,No,530,,Marc,ISI,"Auth, Toby D.; Brodeur, Richard D.","Distribution and community structure of ichthyoplankton off the coast of Oregon, USA, in 2000 and 2002","Only looks at beta diversity, does not ID the organisms to Sp level"
Pat,Yes,No,531,,Marc,ISI,"Williams, I. D.; Walsh, W. J.; Miyasaka, A.; Friedlander, A. M.","Effects of rotational closure on coral reef fishes in Waikiki-Diamond Head Fishery Management Area, Oahu, Hawaii",Only look at biomass
Pat,Yes,No,555,,Patrick,ISI,"Perus, J; Bonsdorff, E","Long-term changes in macrozoobenthos in the Aland archipelago, northern Baltic Sea",Changes sampling method 3x
Pat,Yes,No,570,,Patrick,ISI,"Rueda, JL; Salas, C",Temporal dynamics of molluscan assemblages from soft and bioclastic bottoms in the Strait of Gibraltar,Can't get and in French
Pat,Yes,Yes,584,,Patrick,ISI,"Raso, JEG; Manjon-Cabeza, ME",An infralittoral decapod crustacean community of Southern Spain affected by anthropogenic disturbances,
Pat,Yes,No,590,,Patrick,ISI,"Solana-Sansores, R","Spatial patterns of the epipelagic species caught incidentally in the tuna fishery on floating objects, in the eastern Pacific Ocean","No temporal component, sampled different sites
"
Pat,Yes,No,622,,Tenzing,ISI,"Phillips, JA; Conacher, C; Horrocks, J","Marine macroalgae from the Gulf of Carpentaria, tropical northern Australia",Never sampled the same site twice...can't really compare diversity over time
Pat,Yes,No,632,,Tenzing,ISI,"Debrot, AO; Kuenen, MMCE; Dekker, K","Recent declines in the coral fauna of the Spaanse Water, Curacao, Netherlands Antilles","Only looked at areal cover, not diversity of coral"
Pat,Yes,No,639,,Jarrett,ISI,"Pearson, TH; Mannvik, HP",Long-term changes in the diversity and faunal structure of benthic communities in the northern North Sea: natural variability or induced instability?,"Just looked at beta diversity, no richness"
Pat,Yes,No,640,,Tenzing,ISI,"Padisak, J; Krienitz, L; Scheffler, W; Koschel, R; Kristiansen, J; Grigorszky, I",Phytoplankton succession in the oligotrophic Lake Stechlin (Germany) in 1994 and 1995,Microbes
Jillian,Yes,No,645,,Tenzing,ISI,"Leslie, AJ; Crisman, TL; Prenger, JP; Ewel, KC",Benthic macroinvertebrates of small Florida pondcypress swamps and the influence of dry periods,Not marine
Jillian,Yes,Yes,663,,Tenzing,ISI,"TAPP, JF; SHILLABEER, N; ASHMAN, CM","CONTINUED OBSERVATIONS OF THE BENTHIC FAUNA OF THE INDUSTRIALIZED TEES ESTUARY, 1979-1990",
Jillian,Yes,No,666,,Tenzing,ISI,"DELEEUW, J; APON, LP; HERMAN, PMJ; DEMUNCK, W; BEEFTINK, WG",VEGETATION RESPONSE TO EXPERIMENTAL AND NATURAL DISTURBANCE IN 2 SALT-MARSH PLANT-COMMUNITIES IN THE SOUTHWEST NETHERLANDS,No species richness or shannon given. Include less abundant species as 'other' so we can't figure it out.
Jillian,Yes,No,667,,Jarrett,ISI,"HENDERSON, PA; JAMES, D; HOLMES, RHA",TROPHIC STRUCTURE WITHIN THE BRISTOL CHANNEL - SEASONALITY AND STABILITY IN BRIDGWATER BAY,"No species richness data. Though it seems like this data should be somewhere, potentially in a different, later paper"
Jillian,Yes,No,680,,Jarrett,ISI,"DIAZCASTANEDA, V; SAFRAN, P; BELLAN, G; LEPRETRE, A",ASSOCIATION OF 2 COMPLEMENTARY MATHEMATICAL-METHODS - CORRESPONDENCE-ANALYSIS AND RANK-FREQUENCY DIAGRAMS IN THE STUDY OF THE ORGANIZATION AND STRUCTURE OF BENTHIC MEDITERRANEAN POPULATIONS,Started with defaunated substrates (biased effect size). SppR1 = 0
Jillian,Yes,No,690,,Aaron,Aquatic Commons,"Auth, T., Brodeur, R. and Fisher, K.",Diel variation in vertical distribution of an offshore ichthyoplankton community off the Oregon coast.,No breakdown by year. This data should exist somewhere though. Contact author.
Jillian,Yes,No,699,,Aaron,Aquatic Commons,"Carlson, J. and Brusher, J.",An Index of Abundance for Coastal Species of Juvenile Sharks from the Northeast Gulf of Mexico.,Not all species caught were included in the analysis. Only those that were consistently caught were included.
Jillian,Yes,Yes,714,,Aaron,Aquatic Commons,"Hudson, J., Anderson, J., Franklin, E., Schittone, J. and Stratton, A.","M/V WELLWOOD Coral Reef Restoration Monitoring Report, Monitoring Events 2004ÌÄåâÌâå_2006. Florida Keys National Marine Sanctuary Monroe County, Florida.",
Jillian,Yes,No,716,,Aaron,Aquatic Commons,"Jeffrey, C., Pattengill-Semmens, C., Gittings, S. and Monaco, M.",Distribution and sighting frequency of reef fishes in the Florida Keys National Marine Sanctuary.,No yearly break down. Also not found on the REEF website.
Jillian,Yes,No,48,Belchier and Lawson 2013,Alexa,ISI,"Belchier, Mark; Lawson, Jennifer","An analysis of temporal variability in abundance, diversity and growth rates within the coastal ichthyoplankton assemblage of South Georgia (sub-Antarctic)",No raw data for richness. Only MDS analyses. Email authors
Jillian,Yes,No,89,Sogawa et al. 2013,Alexa,ISI,"Sogawa, Sayaka; Sugisaki, Hiroya; Saito, Hiroaki; Okazaki, Yuji; Shimode, Shinji; Kikuchi, Tomohiko",Congruence between euphausiid community and water region in the northwestern Pacific: particularly in the Oyashio-Kuroshio Mixed Water Region,No richness breakdowns by year. Could contact authors
Jillian,Yes,No,121,Vargas-Zamora et al. 2012,Alexa,ISI,"Vargas-Zamora, Jose A.; Sibaja-Cordero, Jeffrey A.; Vargas-Castillo, Rita","Crustaceans from a tropical estuarine sand-mud flat, Pacific, Costa Rica, (1984-1988) revisited",No species richness/shannon at taxonomic resolution below broad groups
Jillian,Yes,No,125,Masi et al. 2012,Alexa,ISI,"Masi, B. P.; Zalmon, I. R.","Intra-annual variation of intertidal benthic community in a breakwater zone on the north coast of Rio de Janeiro, Brazil",Sampling period < 1 year
Jillian,Yes,No,137,Bellwood et al. 2012,Alexa,ISI,"Bellwood, David R.; Baird, Andrew H.; Depczynski, Martial; Gonzalez-Cabello, Alonso; Hoey, Andrew S.; Lefevre, Carine D.; Tanner, Jennifer K.",Coral recovery may not herald the return of fishes on damaged coral reefs,No useable richness data (MDS analyses). Do not see anything indicating public data or published data in repository or supplement.
Jillian,Yes,No,138,Magurran et al. 2012,Alexa,ISI,"Magurran, Anne E.; Henderson, Peter A.",How selection structures species abundance distributions,No richness data.
Jillian,Yes,No,145,Kim et al. 2012,Alexa,ISI,"Kim, Suam; Kang, Sukyung; Zhang, Chang-Ik; Seo, Hyunju; Kang, Minho; Kim, Jung J.",Comparison of fisheries yield and oceanographic features at the southern boundaries of the western and eastern Subarctic Pacific Ocean,Inconsistent sampling methods over time (use fisheries data)
Jillian,Yes,Yes,154,Sun et al. 2012,Alexa,ISI,Sun Song; Li Yinghong; Sun Xiaoxia,"Changes in the small-jellyfish community in recent decades in Jiaozhou Bay, China",
Jillian,Yes,No,161,Du et al. 2012,Alexa,ISI,"Du, Yongfen; Xu, Kuidong; Warren, Alan; Lei, Yanli; Dai, Renhai",Benthic ciliate and meiofaunal communities in two contrasting habitats of an intertidal estuarine wetland,< 1 year
Jillian,Yes,No,167,Skriptsova et al. 2012,Alexa,ISI,"Skriptsova, Anna V.; Levenets, Irina R.","Seasonal dynamics of subtidal macrophyte assemblages in Sobol Bay (Peter the Great Bay, Sea of Japan) in relation to depth",No yearly breakdown of richness data
Jillian,Yes,No,187,,Daniel,ISI,"Grizzetti, Bruna; Bouraoui, Faycal; Aloe, Alberto",Changes of nitrogen and phosphorus loads to European seas,No resampling and consistent sampling of richness data
Jillian,Yes,No,188,,Daniel,ISI,"Leal, Miguel Costa; Puga, Joao; Serodio, Joao; Gomes, Newton C. M.; Calado, Ricardo",Trends in the Discovery of New Marine Natural Products from Invertebrates over the Last Two Decades - Where and What Are We Bioprospecting?,No richness data. Single species paper
Jillian,Yes,Yes,193,,Daniel,ISI,"Burrows, Julia A.; Harvey, James T.; Newton, Kelly M.; Croll, Donald A.; Benson, Scott R.","Marine mammal response to interannual variability in Monterey Bay, California",
Jillian,Yes,No,197,,Daniel,ISI,"Bolton, J. J.; Anderson, R. J.; Smit, A. J.; Rothman, M. D.",South African kelp moving eastwards: the discovery of Ecklonia maxima (Osbeck) Papenfuss at De Hoop Nature Reserve on the south coast of South Africa,No richness data. Single species study.
Jillian,Yes,No,200,,Daniel,ISI,"Shackell, Nancy L.; Fisher, Jonathan A. D.; Frank, Kenneth T.; Lawton, Peter",Spatial scale of similarity as an indicator of metacommunity stability in exploited marine systems,No richness data. Though worth looking at the US NMFS froundfish bottom trawl data. and Canadian DFO groundfish bottom trawl data.
Jillian,Yes,No,201,,Daniel,ISI,"Schlueter, Merja H.; Kraberg, Alexandra; Wiltshire, Karen H.",Long-term changes in the seasonality of selected diatoms related to grazers and environmental conditions,Only measures 3 most abundant diatom species.
Jillian,Yes,Yes,208,,Daniel,ISI,"Hussin, W. M. Rauhan Wan; Cooper, Keith M.; Frojan, Christopher R. S. Barrio; Defew, Emma C.; Paterson, David M.",Impacts of physical disturbance on the recovery of a macrofaunal community: A comparative analysis using traditional and novel approaches,
Jillian,Yes,No,231,,Daniel,ISI,"Wagner, Carola; Adrian, Rita",Consequences of changes in thermal regime for plankton diversity and trait composition in a polymictic lake: a matter of temporal scale,Not marine
Jillian,Yes,No,245,,Daniel,ISI,"Angel Peralta-Meixueiro, Miguel; Eugenia Vega-Cendejas, Maria","Spatial and temporal structure of fish assemblages in a hyperhaline coastal system: Ria Lagartos, Mexico",No yearly breakdown of species richness
Jillian,Yes,No,251,,Daniel,ISI,"Hamilton, R. J.; Potuku, T.; Montambault, J. R.",Community-based conservation results in the recovery of reef fish spawning aggregations in the Coral Triangle,Only 3 focal species of reef fish
Jillian,Yes,No,253,,Daniel,ISI,"Yang, Guang; Li, Chaolun; Sun, Song","Inter-annual variation in summer zooplankton community structure in Prydz Bay, Antarctica, from 1999 to 2006",Exclude the rare species <2%
Jillian,Yes,No,271,,Daniel,ISI,"Serrano, L. G.; Cardell, M. J.; Lozoya, J. P.; Sarda, R.","A polychaete-dominated community in the NW Mediterranean Sea, 20 years after cessation of sewage discharges",Inconsistent sampling methods :(
Jillian,Yes,No,281,,Daniel,ISI,"Rensel, J. E. Jack; Haigh, Nicola; Tynan, Tim J.",Fraser river sockeye salmon marine survival decline and harmful blooms of Heterosigrna akashiwo,No species richness
Jillian,Yes,No,288,,Daniel,ISI,"Wang, Xue-hui; Du, Fi-yan; Qiu, Yong-song; Li, Chun-hou; Sun, Dian-rong; Jia, Xiao-ping","[Variations of fish species diversity, faunal assemblage, and abundances in Daya Bay in 1980-2007].",No sampling methods given. A document that they do reference is in Chinese. Did not verify what was in it.
Jillian,Yes,No,335,,Jillian,ISI,"Rhyne, Andrew; Rotjan, Randi; Bruckner, Andrew; Tlusty, Michael",Crawling to Collapse: Ecologically Unsound Ornamental Invertebrate Fisheries,Methods not consistent across years.
Jillian,,,351,,Jillian,ISI,"Doustshenas, B; Savari, A; Nabavi, S M B; Kochanian, P; Sadrinasab, M",Applying Benthic Index of Biotic Integrity in a soft bottom ecosystem in North of the Persian Gulf.,
Jillian,Yes,Yes,355,,Jillian,ISI,"Borja, Angel; Muxika, Inigo; German Rodriguez, Jose","Paradigmatic responses of marine benthic communities to different anthropogenic pressures, using M-AMBI, within the European Water Framework Directive",
Jillian,Yes,No,367,,Jillian,ISI,"Oakes, Christopher T.; Pondella, Daniel J., II",The Value of a Net-Cage as a Fish Aggregating Device in Southern California,Values averaged only over a single year. No annual resampling.
Jillian,Yes,No,371,,Jillian,ISI,"Storz, David; Schulz, Hartmut; Waniek, Joanna J.; Schulz-Bull, Detlef E.; Kucera, Michal",Seasonal and interannual variability of the planktic foraminiferal flux in the vicinity of the Azores Current,Inconsistent sampling (different lengths of sampling time)
Jillian,Yes,No,381,,Jillian,ISI,"Gascon, S.; Boix, D.; Sala, J.; Quintana, X. D.",Patterns in size and species diversity of benthic macroinvertebrates in Mediterranean salt marshes,Sampling periods different lengths between years.
Jillian,Yes,No,383,,Jillian,ISI,"Auster, P. J.; Link, J. S.",Compensation and recovery of feeding guilds in a northwest Atlantic shelf fish community,No species richness data.
Jillian,Yes,No,387,,Jillian,ISI,"Gannon, Damon P.; McCabe, Elizabeth J. Berens; Camilleri, Sandra A.; Gannon, Janet G.; Brueggen, Mary K.; Barleycorn, Aaron A.; Palubok, Valeriy I.; Kirkpatrick, Gary J.; Wells, Randall S.",Effects of Karenia brevis harmful algal blooms on nearshore fish communities in southwest Florida,Do not have yearly breakdown of species richness/diversity.
Jillian,Yes,No,396,,Jillian,ISI,"Hereu, Bernat; Zabala, Mikel; Sala, Enric",MULTIPLE CONTROLS OF COMMUNITY STRUCTURE AND DYNAMICS IN A SUBLITTORAL MARINE ENVIRONMENT,No real community surveyed (only manipulated treatments)
Jillian,Yes,No,402,,Jillian,ISI,"Tilot, V.; Leujak, W.; Ormond, R. F. G.; Ashworth, J. A.; Mabrouk, A.",Monitoring of South Sinai coral reefs: influence of natural and anthropogenic factors,Not a full year.
Jillian,,,405,,Jillian,ISI,"Wang, You-Shao; Lou, Zhi-Ping; Sun, Cui-Ci; Sun, Song","Ecological environment changes in Daya Bay, China, from 1982 to 2004",
Jillian,Yes,No,411,,Jillian,ISI,"Camatti, Elisa; Comaschi, Alessandra; de Olazabal, Alessandra; Umani, Serena Fonda","Annual dynamics of the mesozooplankton communities in a highly variable ecosystem (North Adriatic Sea, Italy)",Not a full year.
Jillian,Yes,No,419,,Jillian,ISI,"Beuchel, Frank; Gulliksen, Bjorn","Temporal patterns of benthic community development in an Arctic fjord (Kongsfjorden, Svalbard): results of a 24-year manipulation study","Very broad range of taxonomic groupings, several only to phyla level."
Jillian,Yes,Yes,420,,Jillian,ISI,"Hily, C.; Le Loc'h, F.; Grall, J.; Glemarec, M.",Soft bottom macrobenthic communities of North Biscay revisited: Long-term evolution under fisheries-climate forcing,
Jillian,,,431,,Marc,ISI,"Gabriel, Genzano; Mianzan, Hermes; Bouillon, Jean",Hydromedusae (Cnidaria : Hydrozoa) from the temperate southwestern Atlantic ocean: a review,
Jillian,Yes,No,434,,Marc,ISI,"Moellmann, Christian; Mueller-Karulis, Baerbel; Kornilovs, Georgs; St John, Michael A.","Effects of climate and overfishing on zooplankton dynamics and ecosystem structure: regime shifts, trophic cascade, and feedback coops in a simple ecosystem",Only 2 genuses were considered.
Jillian,Yes,Yes,435,,Marc,ISI,"Cabaitan, Patrick C.; Gomez, Edgardo D.; Alino, Porfirio M.",Effects of coral transplantation and giant clam restocking on the structure of fish communities on degraded patch reefs,
Jillian,Yes,No,436,,Marc,ISI,"Wieters, Evie A.; Gaines, Steven D.; Navarrete, Sergio A.; Blanchette, Carol A.; Menge, Bruce A.",Scales of dispersal and the biogeography of marine predator-prey interactions,Didn't measure richness.
Jillian,Yes,No,484,,Marc,ISI,"Santos, Miguel Neves; Monteiro, Carlos Costa",A fourteen-year overview of the fish assemblages and yield of the two oldest Algarve artificial reefs (southern Portugal),No yearly breakdown :(. The data could be out there somewhere.
Jillian,Yes,No,495,,Marc,ISI,"McClanahan, T. R.; Graham, N. A. J.; Maina, J.; Chabanet, P.; Bruggemann, J. H.; Polunin, N. V. C.",Influence of instantaneous variation on estimates of coral reef fish populations and communities,No raw data provided for yearly breakdown.
Jillian,Yes,No,500,,Marc,ISI,"Ramadan, Sh E.; Kheirallah, A. M.; Abdel-Salam, Kh M.","Marine fouling community in the Eastern harbour of Alexandria, Egypt compared with four decades of previous studies",Differences in sampling methods across years.
Jillian,Yes,No,502,,Marc,ISI,"Kraufvelin, Patrik; Moy, Frithjof E.; Christie, Hartvig; Bokn, Tor L.","Nutrient addition to experimental rocky shore communities revisited: Delayed responses, rapid recovery",Mesocosms - not natural habitat.
Jillian,Yes,No,507,,Marc,ISI,"Frank, Kenneth T.; Petrie, Brian; Shackell, Nancy L.; Choi, Jae S.",Reconciling differences in trophic control in mid-latitude marine ecosystems,No yearly breakdown of fish richness.
Aaron,Yes,Yes,519,,Marc,ISI,"Groger, J; Rumohr, H",Modelling and forecasting long-term dynamics of Western Baltic macrobenthic fauna in relation to climate signals and environmental change,
Aaron,Yes,No,529,,Marc,ISI,"Lopes, Ricardo J.; Pardal, Miguel A.; Murias, Tiago; Cabral, Joao A.; Marques, Joao C.",Influence of macroalgal mats on abundance and distribution of dunlin Calidris alpina in estuaries: a long-term approach,
Aaron,Yes,No,542,,Patrick,ISI,"Vivekanandan, E; Srinath, M; Kuriakose, S",Fishing the marine food web along the Indian coast,
Aaron,Yes,No,543,,Patrick,ISI,"Kubatova-Hirsova, H","Temporal patterns in shore fly (Diptera, Ephydridae) community structure in a salt marsh habitat",
Aaron,Yes,No,558,,Patrick,ISI,"Hereu, B; Zabala, M; Linares, C; Sala, E",Temporal and spatial variability in settlement of the sea urchin Paracentrotus lividus in the NW Mediterranean,
Aaron,Yes,No,563,,Patrick,ISI,"Dzikowski, R; Paperna, I; Diamant, A","Multi-annual changes in the parasite communities of rabbitfish Siganus rivulatus (Siganidae) in the Gulf of Aqaba, Red Sea",
Aaron,Yes,No,567,,Patrick,ISI,"Murray, JW",Patterns in the cumulative increase in species from foraminiferal time-series,
Aaron,Yes,Yes,576,,Patrick,ISI,"Pombo, L; Elliott, M; Rebelo, JE",Changes in the fish fauna of the Ria de Aveiro estuarine lagoon (Portugal) during the twentieth century,
Aaron,Yes,No,609,,Tenzing,ISI,"Litzow, MA; Piatt, JF; Abookire, AA; Prichard, AK; Robards, MD",Monitoring temporal and spatial variability in sandeel (Ammodytes hexapterus) abundance with pigeon guillemot (Cepphus columba) diets,
Aaron,Yes,No,611,,Tenzing,ISI,"Omena, EP; Amaral, ACZ","Population dynamics and secondary production of Laeonereis acuta (Treadwell,1923) (Nereididae : Polychaeta)",
Aaron,Yes,No,612,,Tenzing,ISI,"Currie, DR; McArthur, MA; Cohen, BF","Reproduction and distribution of the invasive European fanworm Sabella spallanzanii (Polychaeta : Sabellidae) in Port Phillip Bay, Victoria, Australia",
Aaron,Yes,No but close,617,,Tenzing,ISI,"Hambright, KD; Zohary, T",Phytoplankton species diversity control through competitive exclusion and physical disturbances,
Aaron,Yes,No,618,,Tenzing,ISI,"Larsen, JK; Guillemette, M",Influence of annual variation in food supply on abundance of wintering common elders Somateria mollissima,
Aaron,Yes,No,619,,Tenzing,ISI,"Butler, HG",Temporal plankton dynamics in a maritime Antarctic lake,
Aaron,Yes,No,631,,Tenzing,ISI,"Duarte, CM; Agusti, S; Kennedy, H; Vaque, D",The Mediterranean climate as a template for Mediterranean marine ecosystems: the example of the northeast Spanish littoral,
Aaron,Yes,No,644,,Jarrett,ISI,"Bonilla, HR; Duarte, FS; Covarrubias, OA","Gorgonians and stony corals (Anthozoa : Gorgonacea y scleractinia) from Cabo Pulmo, Mexico",
Aaron,Yes,No,648,,Tenzing,ISI,"Rogers, SI; Millner, RS",Factors affecting the annual abundance and regional distribution of English inshore demersal fish populations: 1973 to 1995,
Aaron,No,No,659,,Tenzing,ISI,"THEODOROU, AJ",THE ECOLOGICAL STATE OF THE ELEFSIS BAY PRIOR TO THE OPERATION OF THE ATHENS SEA OUTFALL,
Aaron,Yes,Yes,660,,Tenzing,ISI,"GIBSON, RN; ANSELL, AD; ROBB, L",SEASONAL AND ANNUAL VARIATIONS IN ABUNDANCE AND SPECIES COMPOSITION OF FISH AND MACROCRUSTACEAN COMMUNITIES ON A SCOTTISH SANDY BEACH,
Aaron,Yes,No,665,,Tenzing,ISI,"KRIEGER, KA; ROSS, LS",CHANGES IN THE BENTHIC MACROINVERTEBRATE COMMUNITY OF THE CLEVELAND HARBOR AREA OF LAKE ERIE FROM 1978 TO 1989,
Aaron,Yes,No,668,,Jarrett,ISI,"ZWARTS, L; BLOMERT, AM; WANINK, JH",ANNUAL AND SEASONAL-VARIATION IN THE FOOD-SUPPLY HARVESTABLE BY KNOT CALIDRIS-CANUTUS STAGING IN THE WADDEN SEA IN LATE SUMMER,
Aaron,Yes,Yes,672,,Jarrett,ISI,"SHAFFER, GP; SASSER, CE; GOSSELINK, JG; REJMANEK, M","VEGETATION DYNAMICS IN THE EMERGING ATCHAFALAYA DELTA, LOUISIANA, USA",
Aaron,No,Maybe,675,,Jarrett,ISI,"DUINEVELD, GCA; KUNITZER, A; NIERMANN, U; DEWILDE, PAWJ; GRAY, JS",THE MACROBENTHOS OF THE NORTH-SEA,
Aaron,Yes,No,676,,Jarrett,ISI,"BALLING, SS; RESH, VH","SEASONAL PATTERNS IN A SAN-FRANCISCO BAY, CALIFORNIA, SALT-MARSH ARTHROPOD COMMUNITY",
Aaron,No,Maybe,682,,Jarrett,ISI,"BEUKEMA, JJ",CHANGES IN COMPOSITION OF BOTTOM FAUNA OF A TIDAL-FLAT AREA DURING A PERIOD OF EUTROPHICATION,
Aaron,Yes,No,698,,Aaron,Aquatic Commons,CalFG,Pendleton Artificial Reef: annual progress report presented to Southern California Edison Company.,
Aaron,Yes,No,701,,Aaron,Aquatic Commons,Caveriviere,"La pÌÄåÄÌâå»che industrielle des poissons dÌÄåÄÌâå©mersaux en CÌÄåÄÌâå«te d'Ivoire. GÌÄåÄÌâå©nÌÄåÄÌâå©ralitÌÄåÄÌâå©s, localisation, homogÌÄåÄÌâå©neitÌÄåÄÌâå© relative des zones de pÌÄåÄÌâå»che ivoiriennes.",
Aaron,Yes,Yes,715,,Aaron,Aquatic Commons,"Hudson, J., Schittone, J., Anderson, J., Franklin, E. and Stratton, A.","M/V ELPIS Coral Reef Restoration Monitoring Report Monitoring Events 2004ÌÄåâÌâå_2007 Florida Keys National Marine Sanctuary, Monroe County, Florida.",
Aaron,Yes,Yes,719,,Aaron,Aquatic Commons,"Keller, A., Wallace, J., Horness,B., Hamel., Stewart, I.",Variations in eastern North Pacific demersal fish biomass based on the U.S. west coast groundfish bottom trawl survey (2003ÌÄå¢ÌâåÛÌâåÒ2010).,
Aaron,Yes,No,725,,Aaron,Aquatic Commons,"McKee-Lewis, K. and Read, R.",Southern California fisheries monitoring summary for 1993 and 1994.,
Aaron,Yes,No,734,,Aaron,Aquatic Commons,"Scott-Denton, E., Cryer, P., Duffy, M., Docke, J., Harrelson, M., Kinsella, D., Nance, J., Pulver, J., Smith, R., Williams, J.",Characterization of the U.S. Gulf of Mexico and South Atlantic penaeid and rock shrimp fisheries based on observer data.,
Aaron,Yes,No,737,,Aaron,Aquatic Commons,"Sund, P. and Renner, J.","The chaetognatha of the Eastropic Expedition, with notes as to their possible value as indicators of hydrographic conditions.",
Aaron,Yes,No,738,,Aaron,Aquatic Commons,"Thiriot, A.",Peuplements zooplanctoniques dans les rÌÄåÄÌâå©gions de remontÌÄåÄÌâå©es d'eau du littoral atlantique africain.,
Aaron,Yes,No,742,,Aaron,Aquatic Commons,"Witherell, D. and Woodby, D.",Application of Marine Protected Areas forÌÄå¢ÌâåÛÌâå¬Sustainable Production and Marine Biodiversity off Alaska.,
Aaron,Yes,Yes,744,Bates et al. 2013,Jarrett,,"Bates, Barrett, Stuart-Smith, Holbrook, Thompson, and Edgar",Resilience and signatures of tropicalization in protected reef fish communities,
Aaron,Yes,No,1,de Juan and Hewitt 2014,Alexa,ISI,"de Juan, S.; Hewitt, J.",Spatial and temporal variability in species richness in a temperate intertidal community,
Aaron,Yes,No,9,Nourisson et al. 2014,Alexa,ISI,"Nourisson, Delphine Helene; Bessa, Filipa; Scapini, Felicita; Marques, Joao Carlos",Macrofaunal community abundance and diversity and talitrid orientation as potential indicators of ecological long-term effects of a sand-dune recovery intervention,
Aaron,Yes,No,21,Tecchio et al. 2013,Alexa,ISI,"Tecchio, Samuele; Ramirez-Llodra, Eva; Aguzzi, Jacopo; Sanchez-Vidal, Anna; Mar Flexas, M.; Sarda, Francisco; Company, Joan B.",Seasonal fluctuations of deep megabenthos: Finding evidence of standing stock accumulation in a flux-rich continental slope,
Aaron,No,Maybe,22,Titlyanov et al. 2013,Alexa,ISI,"Titlyanov, E. A.; Titlyanova, T. V.","Changes in the Species Composition of Benthic Macroalgal Communities of the Upper Subtidal Zone on a Coral Reef in Sanya Bay (Hainan Island, China) During 2009-2012",
Aaron,Yes,No,61,Trefry et al. 2013,Alexa,ISI,"Trefry, John H.; Dunton, Kenneth H.; Trocine, Robert P.; Schonberg, Susan V.; McTigue, Nathan D.; Hersh, Eric S.; McDonald, Thomas J.",Chemical and biological assessment of two offshore drilling sites in the Alaskan Arctic,
Aaron,Yes,No,157,Wang et al. 2012,Alexa,ISI,"Wang, Yan-Guo; Lin, Jing-Hong; Wang, Chun-Guang; Lin, Mao",[Species composition and distribution characteristics of pelagic copepods in the Northern Sea of Fujian during withdraw of Zhe-Min coastal current].,
Aaron,Yes,"Yes, but concerns",212,"Auth, 2011",Daniel,ISI,"Auth, Toby D.",ANALYSIS OF THE SPRING-FALL EPIPELAGIC ICHTHYOPLANKTON COMMUNITY IN THE NORTHERN CALIFORNIA CURRENT IN 2004-2009 AND ITS RELATION TO ENVIRONMENTAL FACTORS,
Aaron,Yes,Yes,252,,Daniel,ISI,"Bergmann, M.; Soltwedel, T.; Klages, M.",The interannual variability of megafaunal assemblages in the Arctic deep sea: Preliminary results from the HAUSGARTEN observatory (79 degrees N),
Aaron,Yes,Maybe,269,,Daniel,ISI,"Campbell, Neil; Neat, Francis; Burns, Finlay; Kunzlik, Phil","Species richness, taxonomic diversity, and taxonomic distinctness of the deep-water demersal fish community on the Northeast Atlantic continental slope (ICES Subdivision VIa)",
Aaron,Yes,No,316,,Jillian,ISI,"Peperzak, Louis",An objective procedure to remove observer-bias from phytoplankton time-series,No yearly standard species richness/abundances
Aaron,Yes,No,324,,Jillian,ISI,"Jung, C. A.; Swearer, S. E.; Jenkins, G. P.",Changes in diversity in the fish assemblage of a southern Australian embayment: consistent spatial structuring at decadal scales,
Aaron,Yes,Yes,349,,Jillian,ISI,"Berge, Jorgen; Renaud, Paul E.; Eiane, Ketil; Gulliksen, Bjorn; Cottier, Finlo R.; Varpe, Oystein; Brattegard, Torleiv",Changes in the decapod fauna of an Arctic fjord during the last 100 years (1908-2007),
Aaron,Yes,Maybe,368,,Jillian,ISI,"Chen, Weizhong; Almatar, Sulaiman; Bishop, James M.",Spatial and temporal variability of fish assemblage in Kuwait Bay,
Aaron,Yes,No,397,,Jillian,ISI,"Davis, Nathan; Paukert, Craig","Impact of Gravel Bar Scalping on Neosho Madtom (Noturus placidus) Populations from the Lower Neosho River, Kansas",
Aaron,Yes,Yes,409,,Jillian,ISI,"Gutierrez, Dimitri; Enriquez, E.; Purca, S.; Quipuzcoa, L.; Marquina, R.; Flores, G.; Graco, M.",Oxygenation episodes on the continental shelf of central Peru: Remote forcing and benthic ecosystem response,
Aaron,Yes,No,413,,Jillian,ISI,"Mathieson, Arthur C.; Pederson, Judith",RAPID ASSESSMENT SURVEYS OF FOULING AND INTRODUCED SEAWEEDS IN THE NORTHWEST ATLANTIC,
Aaron,Yes,Yes,418,,Jillian,ISI,"Ribeiro, Sofia; Amorim, Ana","Environmental drivers of temporal succession in recent dinoflagellate cyst assemblages from a coastal site in the North-East Atlantic (Lisbon Bay, Portugal)",
Aaron,Yes,No,439,,Marc,ISI,"Wakeford, M.; Done, T. J.; Johnson, C. R.",Decadal trends in a coral community and evidence of changed disturbance regime,
Aaron,Yes,No,442,,Marc,ISI,"Lutz, Richard A.; Shank, Timothy M.; Luther, George W.; Vetriani, Costantino; Tolstoy, Maya; Nuzzio, Donald B.; Moore, Tommy S.; Waldhauser, Felix; Crespo-Medina, Melitza; Chatziefthimiou, Aspassia D.; Annis, Eric R.; Reed, Andrew J.","Interrelationships between vent fluid chemistry, temperature, seismic activity, and biological community structure at a mussel-dominated, deep-sea hydrothermal vent along the East Pacific Rise",
Aaron,Yes,Yes,455,,Marc,ISI,"Pante, Eric; King, Allison; Dustan, Phillip",Short-term decline of a Bahamian patch reef coral community: Rainbow Gardens Reef 1991-2004,
Daniel,,,459,,Marc,ISI,"Brodeur, Richard D.; Peterson, William T.; Auth, Toby D.; Soulen, Heather L.; Parnel, Maria M.; Emerson, Ashley A.",Abundance and diversity of coastal fish larvae as indicators of recent changes in ocean and climate conditions in the Oregon upwelling zone,
Daniel,,,466,,Marc,ISI,"Coelho, Vania R.; Manfrino, Carrie",Coral community decline at a remote Caribbean island: marine no-take reserves are not enough,
Daniel,,,481,,Marc,ISI,"Jouenne, Fabien; Lefebvre, Sebastien; Veron, Benoit; Lagadeuc, Yvan","Phytoplankton community structure and primary production in small intertidal estuarine-bay ecosystem (eastern English Channel, France)",
Daniel,,,483,,Marc,ISI,"Tokarev, Yuriy; Shulman, Georgiy",Biodiversity in the Black Sea: effects of climate and anthropogenic factors,
Daniel,,,488,,Marc,ISI,"Renaud, Paul E.; Wlodarska-Kowalczuk, Maria; Trannum, Hilde; Holte, Borge; Weslawski, Jan Marcin; Cochrane, Sabine; Dahle, Salve; Gulliksen, Bjorn","Multidecadal stability of benthic community structure in a high-Arctic glacial fjord (van Mijenfjord, Spitsbergen)",
Daniel,,,492,,Marc,ISI,"Friedlander, Alan M.; Brown, Eric; Monaco, Mark E.",Defining reef fish habitat utilization patterns in Hawaii: comparisons between marine protected areas and areas open to fishing,
Daniel,,,493,,Marc,ISI,"Callaway, Ruth; Engelhard, Georg H.; Dann, John; Cotter, John; Rumohr, Heye","A century of North Sea epibenthos and trawling: comparison between 1902-1912, 1982-1985 and 2000",
Daniel,,,504,,Marc,ISI,"Beuchel, Frank; Gulliksen, Bjorn; Carroll, Michael L.","Long-term patterns of rocky bottom macrobenthic community structure in an Arctic fjord (Kongsfjorden, Svalbard) in relation to climate variability (1980-2003)",
Daniel,,,511,,Marc,ISI,"Bellwood, David R.; Hoey, Andrew S.; Ackerman, John L.; Depczynski, Martial","Coral bleaching, reef fish community phase shifts and the resilience of coral reefs",
Daniel,Yes,No,514,,Marc,ISI,"Harvey, Chris J.; Tolimieri, Nick; Levin, Phillip S.","Changes in body size, abundance, and energy allocation in rockfish assemblages of the Northeast Pacific",Looks at only one species
Daniel,,,518,,Marc,ISI,"Smith, JR; Fong, P; Ambrose, RF",Dramatic declines in mussel bed community diversity: Response to climate change?,
Daniel,,,534,,Marc,ISI,"Hop, Haakon; Falk-Petersen, Stig; Svendsen, Harald; Kwasniewski, Slawek; Pavlov, Vladimir; Pavlova, Olga; Soreide, Janne E.",Physical and biological characteristics of the pelagic system across Fram Strait to Kongsfjorden,
Daniel,,,541,,Patrick,ISI,"Carvalho, S; Moura, A; Gaspar, MB; Pereira, P; da Fonseca, LC; Falcao, M; Drago, T; Leitao, F; Regala, J",Spatial and inter-annual variability of the macrobenthic communities within a coastal lagoon (Obidos lagoon) and its relationship with environmental parameters,
Daniel,Yes,No,548,,Patrick,ISI,"Miranda, JR; Mouillot, D; Hernandez, DF; Lopez, AS; Do Chi, T; Perez, LA",Changes in four complementary facets of fish diversity in a tropical coastal lagoon after 18 years: a functional interpretation,Not a diversity paper
Daniel,,,559,,Patrick,ISI,"Laurans, M; Gascuel, D; Chassot, E; Thiam, D",Changes in the trophic structure of fish demersal communities in West Africa in the three last decades,
Daniel,Yes,No,564,,Patrick,ISI,"Oliveira, EC; Qi, YB",Decadal changes in a polluted bay as seen from its seaweed flora: The case of Santos Bay in Brazil,
Daniel,Yes,No,574,,Patrick,ISI,"Callaway, R; Alsvag, J; de Boois, I; Cotter, J; Ford, A; Hinz, H; Jennings, S; Kroncke, I; Lancaster, J; Piet, G; Prince, P; Ehrich, S",Diversity and community structure of epibenthic invertebrates and fish in the North Sea,
Daniel,,,580,,Patrick,ISI,"Poulard, JC; Leaute, JP",Interaction between marine populations and fishing activities: temporal patterns of landings of La Rochelle trawlers in the Bay of Biscay,
Daniel,Yes,No,582,,Patrick,ISI,"Ninio, R; Meekan, MG","Spatial patterns in benthic communities and the dynamics of a mosaic ecosystem on the Great Barrier Reef, Australia",
Daniel,,,586,,Patrick,ISI,"Magnussen, E","Demersal fish assemblages of Faroe Bank: species composition, distribution, biomass spectrum and diversity",
Daniel,,,598,,Tenzing,ISI,"Barnes, DKA; Lehane, C","Competition, mortality and diversity in South Atlantic coastal boulder communities",
Daniel,,,608,,Tenzing,ISI,"Reyes-Bonilla, H; Cruz-Pinon, G",Biogeography of the ahermatypic corals (Scleractinia) of the Mexican Pacific,
Daniel,Yes,No,623,,Tenzing,ISI,"Jewett, SC; Feder, HM; Blanchard, A",Assessment of the benthic environment following offshore placer gold mining in the northeastern Bering Sea,
Daniel,,,628,,Tenzing,ISI,"Rumohr, H; Karakassis, I",Comparison of multivariate patterns: different taxonomic levels in macrofaunal analysis versus sediment profiling imagery (SPI),
Daniel,,,630,,Tenzing,ISI,"Bergstrom, L; Bergstrom, U","Species diversity and distribution of aquatic macrophytes in the Northern Quark, Baltic Sea",
Daniel,,,651,,Jarrett,ISI,"FloresRamirez, S; Urban, J; VillarrealChavez, G; VallesJimenez, R","Spatial and temporal changes in the cetacean community structure at Bahia de la Paz, BCS, Mexico (1988-1991)",
Daniel,Yes,No,654,,Jarrett,ISI,"LENIHAN, HS; OLIVER, JS",ANTHROPOGENIC AND NATURAL DISTURBANCES TO MARINE BENTHIC COMMUNITIES IN ANTARCTICA,
Daniel,,,685,,Jarrett,ISI,"COLES, SL; TARR, AB",REEF FISH ASSEMBLAGES IN THE WESTERN ARABIAN GULF - A GEOGRAPHICALLY ISOLATED POPULATION IN AN EXTREME ENVIRONMENT,
Daniel,,,692,,Aaron,Aquatic Commons,"Barsky, K.",Southern California fisheries monitoring summary for 1995 and 1996.,
Daniel,Yes,No,710,,Aaron,Aquatic Commons,"Heery, E. and Cope, J.",CoÌÄåâÌâå_occurrence of bycatch and target species in the groundfish demersal trawl fishery of the U.S. west coast; with special consideration of rebuilding stocks.,
Daniel,Yes,No,717,,Aaron,Aquatic Commons,"Jensen,J. and Tanner, S.","A Preliminary CheckÌÄåâÌâå_List of the Marine Algae of the Moss Landing Jetty: An Annotated Floristic Compilation. Annual Report, Part 7, 1973.",Only a species list
Daniel,Yes,No,718,,Aaron,Aquatic Commons,"Kasulo, V.",Measuring the ecological and economic diversity of fish.,
Daniel,Yes,No,733,,Aaron,Aquatic Commons,"Schrader, G.",Seasonal cycles of phytoplankton in relation to the hydrography of Monterey Bay.,
Daniel,Yes,No,739,,Aaron,Aquatic Commons,"Vecchione, M., Roper, C., Sweeney, M. and Lu, C.","Distribution, relative abundance and developmental morphology of paralarval cephalopods in the Western North Atlantic Ocean.",
Daniel,Yes,No,629,,Tenzing,ISI,"Lekve, K; Stenseth, NC; Gjosaeter, J; Fromentin, JM; Gray, JS",Spatio-temporal patterns in diversity of a fish assemblage along the Norwegian Skagerrak coast,Data totally exists but spp richness was not reported here outside of a PCA
Daniel,,,653,,Tenzing,ISI,"WEBBER, MK; ROFF, JC","ANNUAL STRUCTURE OF THE COPEPOD COMMUNITY AND ITS ASSOCIATED PELAGIC ENVIRONMENT OFF DISCOVERY-BAY, JAMAICA",
Daniel,,,671,,Jarrett,ISI,"JONES, GP; FERRELL, DJ; SALE, PF",FISH FEEDING AND DYNAMICS OF SOFT-SEDIMENT MOLLUSK POPULATIONS IN A CORAL-REEF LAGOON,
Daniel,Yes,No,681,,Jarrett,ISI,"GOENAGA, C",THE STATE OF CORAL REEFS IN THE WIDER CARIBBEAN,
Daniel,Yes,No,686,,Jarrett,ISI,"REID, PC; LANCELOT, C; GIESKES, WWC; HAGMEIER, E; WEICHART, G",PHYTOPLANKTON OF THE NORTH-SEA AND ITS DYNAMICS - A REVIEW,
Daniel,,,688,,Jarrett,ISI,"Tunnicliffe, Verena",High species diversity and abundance of the epibenthic community in an oxygen-deficient basin,
Daniel,Yes,No,696,,Aaron,Aquatic Commons,"Bortone, S., Van Orman, D.",Data base formation and assessment of biotic and abiotic parameters associated with artificial reefs.,
Daniel,Yes,No,703,,Aaron,Aquatic Commons,"Drobeck, K. and Johnston, M.",Environmental impact of hydraulic escalator dredging on oyster communities.,
Daniel,,,720,,Aaron,Aquatic Commons,Klenz,Fischlarven der westlichen Ostsee ÌÄå¢ÌâåÛÌâåÒ BiodiversitÌÄåÄÌâå_tsuntersuchungen von 2000 bis 2005.,
Daniel,,,729,,Aaron,Aquatic Commons,"Parker, R. and Mays, R.","Southeastern U.S. Deepwater Reef Fish Assemblages, Habitat Characteristics, Catches, and Life History Summaries.",
Daniel,,,87,Marques et al. 2013,Alexa,ISI,"Marques, Luisa; Carrico, Ana; Bessa, Filipa; Gaspar, Rui; Neto, Joao M.; Patricio, Joana",Response of intertidal macrobenthic communities and primary producers to mitigation measures in a temperate estuary,
Daniel,,,102,Edmunds et al. 2013,Alexa,ISI,"Edmunds, Peter J.","Decadal-scale changes in the community structure of coral reefs of St. John, US Virgin Islands",
Daniel,,,280,,Daniel,ISI,"Magurran, Anne E.; Henderson, Peter A.",Temporal turnover and the maintenance of diversity in ecological assemblages,
Daniel,Yes,No,388,,Jillian,ISI,"Tunin-Ley, Alina; Ibanez, Frederic; Labat, Jean-Philippe; Zingone, Adriana; Lemee, Rodolphe",Phytoplankton biodiversity and NW Mediterranean Sea warming: changes in the dinoflagellate genus Ceratium in the 20th century,
Daniel,,,545,,Patrick,ISI,"Raut, D; Ganesh, T; Murty, NVSS; Raman, AV","Macrobenthos of Kakinada Bay in the Godavari delta, East coast of India: comparing decadal changes",
Daniel,,,572,,Patrick,ISI,"Shears, NT; Babcock, RC",Continuing trophic cascade effects after 25 years of no-take marine reserve protection,
Daniel,,,270,,Daniel,ISI,"Mikac, B.; Musco, L.; Dakovac, T.; Giangrande, A.; Terlizzi, A.",Long-term changes in North Adriatic soft-bottom polychaete assemblages following a dystrophic crisis,
Daniel,,,308,,Jillian,ISI,"Reyes-Bonilla, Hector; Calderon-Aguilera, Luis E.; Cruz-Pinon, Gabriela; Andres Lopez-Perez, Ramon; Medina-Rosas, Pedro",Evaluation of gamma diversity of reef corals (Scleractinia) in the Mexican Pacific,
Daniel,Yes,No,317,,Jillian,ISI,"Zacagnini Amaral, Antonia Cecilia; Migotto, Alvaro Eseves; Turra, Alexander; Schaeffer-Novelli, Yara","Araca: biodiversity, impacts and threats",
Daniel,,,364,,Jillian,ISI,"Wilson, S. K.; Dolman, A. M.; Cheal, A. J.; Emslie, M. J.; Pratchett, M. S.; Sweatman, H. P. A.",Maintenance of fish diversity on disturbed coral reefs,
Daniel,,,365,,Jillian,ISI,"Frenzel, Peter; Borrmann, Corinna; Lauenburg, Beate; Bohling, Bjoern; Bartholdy, Jan",Environmental impact assessment of sediment dumping in the southern Baltic Sea using meiofaunal indicators,
Marc,Yes,No,379,,Jillian,ISI,"Bresnan, E.; Hay, S.; Hughes, S. L.; Fraser, S.; Rasmussen, J.; Webster, L.; Slesser, G.; Dunn, J.; Heath, M. R.",Seasonal and interannual variation in the phytoplankton community in the north east of Scotland,No species richness
Marc,Yes,No,390,,Jillian,ISI,"Love, Joseph W.; Chigbu, Paulinus; May, Eric B.",Environmental Variability Affects Distributions of Coastal Fish Species (Maryland),Full community not reported 
Marc,Yes,No,398,,Jillian,ISI,"Schratzberger, M.; Forster, R. M.; Goodsir, F.; Jennings, S.",Nematode community dynamics over an annual production cycle in the central North Sea,No species richness
Marc,Yes,No,401,,Jillian,ISI,"Clarke, Andrew",Antarctic marine benthic diversity: patterns and processes,No species richness
Marc,Yes,No,414,,Jillian,ISI,"Herbert, D. A.; Fourqurean, J. W.",Ecosystem structure and function still altered two decades after short-term fertilization of a seagrass meadow,Studies dominance shift not change in richness
Marc,Yes,Yes,424,,Marc,ISI,"Zedler, Joy B.; West, Janelle M.",Declining diversity in natural and restored salt marshes: A 30-year study of Tijuana Estuary,
Marc,Yes,No,427,,Marc,ISI,"Brown, Susan L.; Landry, Michael R.; Selph, Karen E.; Yang, Eun Jin; Rii, Yoshimi M.; Bidigare, R. R.",Diatoms in the desert: Plankton community response to a mesoscale eddy in the subtropical North Pacific,
Marc,Yes,Yes,444,,Marc,ISI,"Rojo-Vazquez, J. A.; Quinonez-Velazquez, C.; Echavarria-Heras, H. A.; Lucano-Ramirez, G.; Godinez-Dominguez, E.; Ruiz-Ramirez, S.; Galvan-Pina, V. H.; Sosa-Nishizaki, O.","The fish species composition and variation of catch from the small-scale gillnet fishery before, during and after the 1997-1998 ENSO event, central Mexican Pacific",
Marc,Yes,No,445,,Marc,ISI,"Beninca, Elisa; Huisman, Jef; Heerkloss, Reinhard; Johnk, Klaus D.; Branco, Pedro; Van Nes, Egbert H.; Scheffer, Marten; Ellner, Stephen P.",Chaos in a long-term experiment with a plankton community,Not in the field
Marc,Yes,No,449,,Marc,ISI,"Shimanaga, M.; Nomaki, H.; Iijima, K.","Spatial changes in the distributions of deep-sea ""Cerviniidae"" (Harpacticoida, Copepoda) and their associations with environmental factors in the bathyal zone around Sagami Bay, Japan",No year by year data reported
Marc,Yes,No,452,,Marc,ISI,"Haputhantri, S. S. K.; Villanueva, M. C. S.; Moreau, J.",Trophic interactions in the coastal ecosystem of Sri Lanka: An ECOPATH preliminary approach,Modelling 
Marc,Yes,No,456,,Marc,ISI,"Shao, Mei-Ling; Xie, Zhi-Cai; Han, Xin-Qin; Cao, Mfng; Cai, Qing-Hua","Macroinvertebrate community structure in Three-Gorges Reservoir, China",Not marine
Marc,Yes,No,475,,Marc,ISI,"Pombo, Lucia; Rebelo, J. E.; Elliott, M.","The structure, diversity and somatic production of the fish community in an estuarine coastal lagoon, Ria de Aveiro (Portugal)",Only one year
Marc,Yes,Yes,485,,Marc,ISI,"Henderson, P. A.",Discrete and continuous change in the fish community of the Bristol Channel in response to climate change,
Marc,Yes,No,487,,Marc,ISI,"Oguz, Temel; Gilbert, Denis",Abrupt transitions of the top-down controlled Black Sea pelagic ecosystem during 1960-2000: Evidence for regime-shifts under strong fishery exploitation and nutrient enrichment modulated by climate-induced variations,No species richness
Marc,Yes,No,494,,Marc,ISI,"Chassot, Emmanuel; Melin, Freddric; Le Pape, Olivier; Gascuel, Didier",Bottom-up control regulates fisheries production at the scale of eco-regions in European seas,No species richness
Marc,Yes,No,503,,Marc,ISI,"Frederiksen, Morten; Edwards, Martin; Richardson, Anthony J.; Halliday, Nicholas C.; Wanless, Sarah",From plankton to top predators: bottom-up control of a marine food web across four trophic levels,No species richness
Marc,Yes,Yes,506,,Marc,ISI,"Hooff, Rian C.; Peterson, William T.",Copepod biodiversity as an indicator of changes in ocean and climate conditions of the northern California current ecosystem,
Marc,Yes,No,532,,Marc,ISI,"Hedd, A; Bertram, DF; Ryder, JL; Jones, IL",Effects of interdecadal climate variability on marine trophic interactions: rhinoceros auklets and their fish prey,No spp richness
Marc,Yes,No,550,,Patrick,ISI,"Bowden, DA",Seasonality of recruitment in Antarctic sessile marine benthos,Too short
Marc,Yes,No,562,,Patrick,ISI,"Janas, U; Wocial, JA; Szaniawska, A",Seasonal and annual changes in the macrozoobenthic populations of the Gulf of Gdansk with respect to hypoxia and hydrogen sulphide,No spp richness reported
Marc,Yes,No,569,,Patrick,ISI,"Nichols, FH",Interdecadal change in the deep Puget Sound benthos,No species richness
Marc,Yes,Yes,581,,Patrick,ISI,"Blanchard, AL; Feder, HM; Shaw, DG","Long-term investigation of benthic fauna and the influence of treated ballast water disposal in Port Valdez, Alaska",
Marc,Yes,No,583,,Patrick,ISI,"Nanami, A; Nishihira, M",The structures and dynamics of fish communities in an Okinawan coral reef: Effects of coral-based habitat structures at sites with rocky and sandy sea bottoms,No spp richness
Marc,Yes,No,605,,Tenzing,ISI,"Conley, DJ; Kaas, H; Mohlenberg, F; Rasmussen, B; Windolf, J",Characteristics of Danish estuaries,No idea why this even made it through the first round of filtering
Marc,Yes,No,626,,Tenzing,ISI,"Arnott, SE; Yan, ND; Magnuson, JJ; Frost, TM",Interannual variability and species turnover of crustacean zooplankton in Shield lakes,"As the title suggests, this is in a lake"
Marc,Yes,No,650,,Jarrett,ISI,"Kelly, JP; Evens, JG; Stallcup, RW; Wimpfheimer, D","Effects of aquaculture on habitat use by wintering shorebirds in Tomales Bay, California",No species richness
Marc,Yes,No,655,,Tenzing,ISI,"MOLINA, L; ZAMORA, OA; ZAMORA, JA","POLYCHAETES (ANNELIDA-POLYCHAETA) OF ESTERO-DE-JALTEPEQUE, EL-SALVADOR - COMPARISON 1959-1991",Cant access
Marc,Yes,No,657,,Tenzing,ISI,"STEPHENS, JS; MORRIS, PA; PONDELLA, DJ; KOONCE, TA; JORDAN, GA","OVERVIEW OF THE DYNAMICS OF AN URBAN ARTIFICIAL REEF FISH ASSEMBLAGE AT KING-HARBOR, CALIFORNIA, USA, 1974-1991 - A RECRUITMENT DRIVEN SYSTEM",Cant access
Marc,Yes,No,677,,Jarrett,ISI,"ANGEL, MV",VARIATIONS IN TIME AND SPACE - IS BIOGEOGRAPHY RELEVANT TO STUDIES OF LONG-TIME SCALE CHANGE,Cant access
Marc,Yes,No,709,,Aaron,Aquatic Commons,"Hart, T., Clemons, J., Wakefield, W., Heppel, S.","Day and night abundance, distribution, and activity patterns of demersal fishes on Heceta Bank, Oregon.",No species richness
Marc,Yes,No,711,,Aaron,Aquatic Commons,"Hill, R. and Garcia, J.","Techniques and assessments of baseline conditions for identifying changes associated with the marine fishery reserve in La Parguera, Puerto Rico.",No species richness
Marc,Yes,No,721,,Aaron,Aquatic Commons,"Klenz, B.",Ichthyoplanktonaufnahmen als Beitrag zu BiodiversitÌÄåÄÌâå_tsuntersuchungen in der westlichen Ostsee.,Not in english
Marc,Yes,No,736,,Aaron,Aquatic Commons,"Staaf, D., Redfern, J., Gilly, W., Watson, W. and Ballance,L.",Distribution of ommastrephid paralarvae in the eastern tropical Pacific.,No species richness
Marc,Yes,No,743,,Aaron,Aquatic Commons,"Wood, A., Collie, J. and Hare, J.",A comparison between warmÌÄåâÌâå_water fish assemblages of Narragansett Bay and those of Long Island Sound waters.,"No spp richness, only a species accumulation curve"
Marc,Yes,No,539,,Patrick,ISI,"Sampaio de Souza, Christiane; Mafalda Jr, Paulo; SallÌÄåÄÌâå©s, Soluna; Ramirez, Teodoro; CortÌÄåÄÌâå©s, Dolores; Garcia, AntÌÄåÄÌâå«nio; Mercado, Jesus; Vargas-YaÌÄåÄÌâå±ez, Manuel","Tendencias estacionales y espaciales en la comunidad mesozooplanctÌÄåÄÌâå_nica en una serie temporal plurianual en el noroeste del Mar de AlborÌÄåÄÌâåÁn, EspaÌÄåÄÌâå±a",Not in english
Marc,Yes,No,683,,Jarrett,ISI,"TSUTSUMI, H; KIKUCHI, T; TANAKA, M; HIGASHI, T; IMASAKA, K; MIYAZAKI, M",BENTHIC FAUNAL SUCCESSION IN A COVE ORGANICALLY POLLUTED BY FISH FARMING,No species richness
Marc,Yes,No,687,,Jarrett,ISI,"SIMENSTAD, CA; SMALL, LF; MCINTIRE, CD",CONSUMPTION PROCESSES AND FOOD WEB STRUCTURE IN THE COLUMBIA RIVER ESTUARY,No species richness
Marc,Yes,No,708,,Aaron,Aquatic Commons,"Harding, J., Ammann, A. and MacFarlane, R.",Regional and seasonal patterns of epipelagic fish assemblages from the central California Current.,No species richness
Marc,Yes,No,723,,Aaron,Aquatic Commons,"Lhomme, F.",Campagnes Nizery: Togo 3 (16 au 18/08/83) et Togo 4 (28 au 30/11/83). Resultats des chalutages.,Not in english
Marc,Yes,No,728,,Aaron,Aquatic Commons,"Pakhomov, E. and Yamamura, O.",Report of the Advisory Panel on Micronekton Sampling InterÌÄåâÌâå_calibration Experiment.,No spp richness
Marc,Yes,Yes,621,,Tenzing,ISI,"Williams, GD; Zedler, JB",Fish assemblage composition in constructed and natural tidal marshes of San Diego Bay: Relative influence of channel morphology and restoration history,
Marc,Yes,No,15,Miller et al. 2013,Alexa,ISI,"Miller, Ian; Cripps, Edward",Three dimensional marine seismic survey has no measurable effect on species richness or abundance of a coral reef associated fish community,Not sure if richness graph is median or means.  Surveys werent taken at the same time of year before and after the event
Marc,Yes,No,185,,Daniel,ISI,"Moulding, Alison L.; Kosmynin, Vladimir N.; Gilliam, David S.","Coral recruitment to two vessel grounding sites off southeast Florida, USA",No richness
Marc,Yes,Yes,307,,Jillian,ISI,"Hernandez, Frank J., Jr.; Powers, Sean P.; Graham, William M.",Seasonal variability in ichthyoplankton abundance and assemblage composition in the northern Gulf of Mexico off Alabama,No richness
Marc,No,Yes,331,,Jillian,ISI,"Henderson, P. A.; Bird, D. J.",Fish and macro-crustacean communities and their dynamics in the Severn Estuary,Data cant be extracted.  Revisit if you want
Marc,Yes,Yes,350,,Jillian,ISI,"Cartes, J. E.; Maynou, F.; Fanelli, E.; Papiol, V.; Lloris, D.",Long-term changes in the composition and diversity of deep-slope megabenthos and trophic webs off Catalonia (western Mediterranean): Are trends related to climatic oscillations?,
Marc,Yes,No,372,,Jillian,ISI,"Vilchis, L. Ignacio; Ballance, Lisa T.; Watson, William",Temporal variability of neustonic ichthyoplankton assemblages of the eastern Pacific warm pool: Can community structure be linked to climate variability?,
Marc,Yes,No,384,,Jillian,ISI,"Coll, Marta; Santojanni, Alberto; Palomera, Isabel; Arneri, Enrico",Food-web changes in the Adriatic Sea over the last three decades,
Marc,Yes,No,457,,Marc,ISI,"Metcalfe, K. N.; Glasby, C. J.","Diversity of polychaeta (Annelida) and other worm taxa in mangrove habitats of Darwin Harbour, northern Australia",
Marc,Yes,No,491,,Marc,ISI,"Hoste, Eveline; Vanhove, Sandra; Schewe, Ingo; Soltwedel, Thomas; Vanreusel, Ann",Spatial and temporal variations in deep-sea meiofauna assemblages in the Marginal Ice Zone of the Arctic Ocean,
Marc,Yes,No,499,,Marc,ISI,"Steele, J. H.; Collie, J. S.; Bisagni, J. J.; Gifford, D. J.; Fogarty, M. J.; Link, J. S.; Sullivan, B. K.; Sieracki, M. E.; Beet, A. R.; Mountain, D. G.; Durbin, E. G.; Palka, D.; Stockhausen, W. T.",Balancing end-to-end budgets of the Georges Bank ecosystem,
Marc,Yes,Yes,625,,Tenzing,ISI,"Lindstrom, SC; Houghton, JP; Lees, DC","Intertidal macroalgal community structure in southwestern Prince William Sound, Alaska",
Marc,Yes,No,642,,Tenzing,ISI,"Olsgard, F; Somerfield, PJ; Carr, MR","Relationships between taxonomic resolution, macrobenthic community patterns and disturbance",
