"QC","Study.ID","Reference","Collector","coral","plant","algae","fish","inverts","mobile.inverts","sessile.inverts","marine.mammals","phytoplankton","zooplankton","mesh.size","mesh.size.units","Descriptor.of.Taxa.Sampled","Sys","Lat","Long","Loc","Event.","Event.type","A.priori.","Year.of.Event","Notes","Vis","Trwl","Line","Drdg","Trp","Source","Site","SiSz","SiSz..units.","PltSz","PltSz..units.","Expected.Change.Direction","Event.Notes","Year","SiteSize","SiteSizeUnits","PlotSize","PlotSizeUnits","Taxa","n1","sub1","I1","ind1_error","ind1_error_type","P1","T1","T1m","SppR1","SppR1.Error","SppR1.Error.Type","Shan1","Shan1.Error","Shan1.Error.Type","Simps1","Simps1.Error","Simps1.Error.Type","Even1","Even1.Error","Even1.Error.Type","SppR1.SD","Shan1.SD","Simps1.SD","Even1.SD","n2","sub2","I2","ind2_error","ind2_error_type","P2","T2","T2m","SppR2","SppR2.Error","SppR2.Error.Type","Shan2","Shan2.Error","Shan2.Error.Type","Simps2","Simps2.Error","Simps2.Error.Type","Even2","Even2.Error","Even2.Error.Type","Event.type.2","SppR2.SD","Shan2.SD","Simps2.SD","Even2.SD","Duration","yi.SppR.MD","vi.SppR.MD","yi.SppR.SMD","vi.SppR.SMD","yi.SppR.ROM","vi.SppR.ROM","yi.SppR.SMDH","vi.SppR.SMDH","yi.Shan.MD","vi.Shan.MD","yi.Shan.SMD","vi.Shan.SMD","yi.Shan.ROM","vi.Shan.ROM","yi.Shan.SMDH","vi.Shan.SMDH","yi.Even.MD","vi.Even.MD","yi.Even.SMD","vi.Even.SMD","yi.Even.ROM","vi.Even.ROM","yi.Even.SMDH","vi.Even.SMDH","rich_ROM_uw","rich_ROM_w","shan_ROM_uw","shan_ROM_w","rich_SMD_uw","rich_SMD_w","shan_SMD_uw","shan_SMD_w"
NA,21,"Pinto et al. 2014","ARW",0,0,0,0,1,1,1,0,0,0,NA,NA,"not clear","estuarine mudflat",40.13,8.83,"Portugal","Yes","Sedimentaion",NA,NA,"Event disrupted communication between sites",0,0,0,1,0,"Methods","ME",NA,NA,0.078,"m^2","Negative","",NA,NA,NA,0.078,"m^2","Coral",5,NA,5515,NA,NA,NA,1998,NA,30,NA,NA,1.61,NA,NA,NA,NA,NA,NA,NA,NA,NA,NA,NA,NA,5,NA,"4147",NA,NA,NA,2006,NA,70,NA,NA,2.74,NA,NA,NA,NA,NA,NA,NA,NA,"Sedimentation",NA,NA,NA,NA,8,40,NA,NA,NA,0.847297860387204,NA,NA,NA,1.13,NA,NA,NA,0.531723741403607,NA,NA,NA,NA,NA,NA,NA,NA,NA,NA,NA,1,0,1,0,0,0,0,0
NA,21,"Pinto et al. 2014","ARW",0,0,0,0,1,1,1,0,0,0,NA,NA,"not clear","estuarine mudflat",40.13,8.83,"Portugal","Yes","Sedimentaion",NA,NA,"Event disrupted communication between sites",0,0,0,1,0,"Methods","EE",NA,NA,0.078,"m^2","Negative","",NA,NA,NA,0.078,"m^2","Coral",5,NA,432,NA,NA,NA,1998,NA,19,NA,NA,2.48,NA,NA,NA,NA,NA,NA,NA,NA,NA,NA,NA,NA,5,NA,"560",NA,NA,NA,2006,NA,46,NA,NA,3.22,NA,NA,NA,NA,NA,NA,NA,NA,"Sedimentation",NA,NA,NA,NA,8,27,NA,NA,NA,0.884202417322654,NA,NA,NA,0.74,NA,NA,NA,0.261122799379426,NA,NA,NA,NA,NA,NA,NA,NA,NA,NA,NA,1,0,1,0,0,0,0,0
NA,21,"Pinto et al. 2014","ARW",0,0,0,0,1,1,1,0,0,0,NA,NA,"not clear","estuarine mudflat",40.13,8.83,"Portugal","Yes","Sedimentaion",NA,NA,"Event disrupted communication between sites",0,0,0,1,0,"Methods","PSM",NA,NA,0.078,"m^2","Negative","",NA,NA,NA,0.078,"m^2","Coral",5,NA,224,NA,NA,NA,1998,NA,6,NA,NA,1.43,NA,NA,NA,NA,NA,NA,NA,NA,NA,NA,NA,NA,5,NA,"828",NA,NA,NA,2006,NA,22,NA,NA,1.99,NA,NA,NA,NA,NA,NA,NA,NA,"Sedimentation",NA,NA,NA,NA,8,16,NA,NA,NA,1.29928298413026,NA,NA,NA,0.56,NA,NA,NA,0.330460194464585,NA,NA,NA,NA,NA,NA,NA,NA,NA,NA,NA,1,0,1,0,0,0,0,0
NA,21,"Pinto et al. 2014","ARW",0,0,0,0,1,1,1,0,0,0,NA,NA,"not clear","estuarine mudflat",40.13,8.83,"Portugal","Yes","Sedimentaion",NA,NA,"Event disrupted communication between sites",0,0,0,1,0,"Methods","PMS",NA,NA,0.078,"m^2","Negative","",NA,NA,NA,0.078,"m^2","Coral",5,NA,4716,NA,NA,NA,1998,NA,14,NA,NA,1.41,NA,NA,NA,NA,NA,NA,NA,NA,NA,NA,NA,NA,5,NA,"2180",NA,NA,NA,2006,NA,28,NA,NA,3.1,NA,NA,NA,NA,NA,NA,NA,NA,"Sedimentation",NA,NA,NA,NA,8,14,NA,NA,NA,0.693147180559945,NA,NA,NA,1.69,NA,NA,NA,0.787812407101024,NA,NA,NA,NA,NA,NA,NA,NA,NA,NA,NA,1,0,1,0,0,0,0,0
NA,21,"Pinto et al. 2014","ARW",0,0,0,0,1,1,1,0,0,0,NA,NA,"not clear","estuarine mudflat",40.13,8.83,"Portugal","Yes","Sedimentaion",NA,NA,"Event disrupted communication between sites",0,0,0,1,0,"Methods","PS",NA,NA,0.078,"m^2","Negative","",NA,NA,NA,0.078,"m^2","Coral",5,NA,143,NA,NA,NA,1998,NA,8,NA,NA,1.25,NA,NA,NA,NA,NA,NA,NA,NA,NA,NA,NA,NA,5,NA,"579",NA,NA,NA,2006,NA,21,NA,NA,2.26,NA,NA,NA,NA,NA,NA,NA,NA,"Sedimentation",NA,NA,NA,NA,8,13,NA,NA,NA,0.965080896043587,NA,NA,NA,1.01,NA,NA,NA,0.592221261969985,NA,NA,NA,NA,NA,NA,NA,NA,NA,NA,NA,1,0,1,0,0,0,0,0
NA,21,"Pinto et al. 2014","ARW",0,0,0,0,1,1,1,0,0,0,NA,NA,"not clear","estuarine mudflat",40.13,8.83,"Portugal","Yes","Sedimentaion",NA,NA,"Event disrupted communication between sites",0,0,0,1,0,"Methods","SA",NA,NA,0.078,"m^2","Negative","",NA,NA,NA,0.078,"m^2","Coral",5,NA,4940,NA,NA,NA,1998,NA,14,NA,NA,1.41,NA,NA,NA,NA,NA,NA,NA,NA,NA,NA,NA,NA,5,NA,"3008",NA,NA,NA,2006,NA,39,NA,NA,2.73,NA,NA,NA,NA,NA,NA,NA,NA,"Sedimentation",NA,NA,NA,NA,8,25,NA,NA,NA,1.02450431651439,NA,NA,NA,1.32,NA,NA,NA,0.660711904806791,NA,NA,NA,NA,NA,NA,NA,NA,NA,NA,NA,1,0,1,0,0,0,0,0
NA,441,"Pranovi et al 2008","MH",0,0,0,0,1,1,1,0,0,0,NA,NA,"all benthic invertebrates","estuarine mudflat",43.4375,12.335,"Venice, Italy","Yes","Multiple events, natural and artificial",NA,NA,NA,0,0,0,1,0,"Fig 3,5","Southern",NA,NA,1,"m^2","Negative","",NA,NA,NA,1,"m^2","Coral",22,NA,NA,NA,NA,NA,1935,NA,33.80597015,1.71641791,"SE",2.630970149,0.075,"SE",NA,NA,NA,NA,NA,NA,8.05071361550719,0.351781181986757,NA,NA,30,NA,NA,NA,NA,NA,1999,NA,10.52238806,0.820895522,"SE",1.720298507,0.11,"SE",NA,NA,NA,NA,NA,NA,"Multiple",4.49622994754378,0.602494813255683,NA,NA,64,-23.28358209,3.61995989980842,-3.67459140601602,0.208620782645251,-1.16713223509857,0.00866407260512835,-3.51702876040079,0.264013682931072,-0.910671642,0.017725,-1.75058077410254,0.108254542698046,-0.424854829769101,0.00490125533157271,-1.81811451546477,0.109061856687328,NA,NA,NA,NA,NA,NA,NA,NA,1,1,1,1,1,1,1,1
NA,441,"Pranovi et al 2008","MH",0,0,0,0,1,1,1,0,0,0,NA,NA,"all benthic invertebrates","estuarine mudflat",43.4375,12.335,"Venice, Italy","Yes","Multiple events, natural and artificial",NA,NA,NA,0,0,0,1,0,"Fig 3,5","Nothern",NA,NA,1,"m^2","Negative","",NA,NA,NA,1,"m^2","Coral",44,NA,NA,NA,NA,NA,1935,NA,30.29850746,1.044776119,"SE",1.977238806,0.07,"SE",NA,NA,NA,NA,NA,NA,6.93026075329341,0.464327470649756,NA,NA,55,NA,NA,NA,NA,NA,2004,NA,12.01492537,0.671641791,"SE",1.839925373,0.055,"SE",NA,NA,NA,NA,NA,NA,"Multiple",4.98102883428442,0.407890916790261,NA,NA,69,-18.28358209,1.54265983425039,-3.06201503428195,0.0882623033846903,-0.924948794789469,0.00431394008397964,-3.00616356678772,0.0971553917201758,-0.137313433,0.007925,-0.314069796783859,0.0414072719053124,-0.0719763163567406,0.00214692832462227,-0.31176642848499,0.042252574527318,NA,NA,NA,NA,NA,NA,NA,NA,1,1,1,1,1,1,1,1
NA,441,"Pranovi et al 2008","MH",0,0,0,0,1,1,1,0,0,0,NA,NA,"all benthic invertebrates","estuarine mudflat",43.4375,12.335,"Venice, Italy","Yes","Multiple events, natural and artificial",NA,NA,NA,0,0,0,1,0,"Fig 3,5","Central",NA,NA,1,"m^2","Negative","",NA,NA,NA,1,"m^2","Coral",20,NA,NA,NA,NA,NA,1935,NA,34.7761194,1.268656716,"SE",2.246567164,0.12,"SE",NA,NA,NA,NA,NA,NA,5.67360531417529,0.53665631459995,NA,NA,10,NA,NA,NA,NA,NA,2001,NA,17.1641791,0.820895522,"SE",17.1641791,0.820895522,"SE",NA,NA,NA,NA,NA,NA,"Multiple",2.59589957055286,2.59589957055286,NA,NA,66,-17.6119403,2.28335932109156,-3.49705073373395,0.353822730571819,-0.706106325377483,0.00361817509371439,-3.88392604846095,0.399513745951371,14.917611936,0.688269458039653,9.44481841249483,1.63674324741669,2.03342125545091,0.00514047850680701,7.74321474140031,3.10823650831392,NA,NA,NA,NA,NA,NA,NA,NA,1,1,1,1,1,1,1,1
NA,150,"Hernandez-Miranda et al. 2012","TI",0,0,0,1,1,0,0,0,0,0,5,"mm","fish","rocky intertidal",-36.756944,-73.1975,"Coliumo Bay, Chile","Yes","hypoxic disturbance",NA,NA,NA,0,1,0,0,0,"Fig 2","Coliumo Bay, Chile",NA,NA,113.4,"m^2","Negative","",NA,NA,NA,113.4,"m^2","Mixed inverts",1,NA,NA,NA,NA,NA,2007,"1",21.48148148,0.185185185,"SE",1.529358951,0.024061771,"SE",NA,NA,NA,NA,NA,NA,0.185185185,0.024061771,NA,NA,1,NA,NA,NA,NA,NA,2010,"1",18.24074074,0.37037037,"SE",0.817381936,0.046866583,"SE",NA,NA,NA,NA,NA,NA,"Hypoxia",0.37037037,0.046866583,NA,NA,3,-3.24074074,0.171467763717421,NA,NA,-0.163533642899965,0.000486591792306298,NA,NA,-0.711977015,0.00277544542575233,NA,NA,-0.626497468766083,0.00353511619682431,NA,NA,NA,NA,NA,NA,NA,NA,NA,NA,1,1,1,1,0,0,0,0
NA,53,"Kelmo et al. 2013","MH",0,0,0,0,1,1,1,0,0,0,NA,NA,"Foraminefera","coral reef",-12.6,-38,"Brazil","Yes","El Nino in 97-8 but no change in any other year",NA,NA,"Foraminefera",0,0,0,1,0,"Fig 2a ","Northern Bahia",900,"m^2",50,"cm^3","Uncertain","Could be either depending on when samples taken",NA,900,"m^2",5e-05,"m^3","Coral",40,NA,NA,NA,NA,NA,1995,"4",18.28571429,1.428571429,"SE",NA,NA,NA,NA,NA,NA,NA,NA,NA,9.03507903176304,NA,NA,NA,40,NA,NA,NA,NA,NA,2011,"4",6.514285714,1.6,"SE",NA,NA,NA,NA,NA,NA,NA,NA,NA,"El Nino",10.1192885125388,NA,NA,NA,16,-11.771428576,4.6008163277551,-1.215303587581,0.0592310175624204,-1.03212254767751,0.0664297698631643,-1.215303587581,0.0597010173242201,NA,NA,NA,NA,NA,NA,NA,NA,NA,NA,NA,NA,NA,NA,NA,NA,1,1,0,0,1,1,0,0
NA,88,"WehKamp, 2013","AH",0,0,0,1,0,0,0,0,0,0,NA,NA,"demersal hardbottom fish","subtidal",54.18,7.91,"North Sea","Yes","Construction",NA,NA,"2009; 0 m; June",1,0,0,0,0,"Figure 6","0 m",189,"m^3",2,"m^2","Negative","",NA,189,"m^3",2,"m^2","Mixed inverts",6,NA,NA,NA,NA,NA,2009,"1",0.67,NA,NA,0.88,NA,NA,NA,NA,NA,NA,NA,NA,NA,NA,NA,NA,6,NA,NA,NA,NA,NA,2011,"1",0.94,NA,NA,0.72,NA,NA,NA,NA,NA,NA,NA,NA,"Construction",NA,NA,NA,NA,2,0.27,NA,NA,NA,0.338602162879038,NA,NA,NA,-0.16,NA,NA,NA,-0.200670695462151,NA,NA,NA,NA,NA,NA,NA,NA,NA,NA,NA,1,0,1,0,0,0,0,0
NA,88,"WehKamp, 2013","AH",0,0,0,1,0,0,0,0,0,0,NA,NA,"demersal hardbottom fish","subtidal",54.18,7.91,"North Sea","Yes","Construction",NA,NA,"2009; 5 m; June",1,0,0,0,0,"Figure 6","5 m",189,"m^3",2,"m^2","Negative","",NA,189,"m^3",2,"m^2","Mixed inverts",6,NA,NA,NA,NA,NA,2009,"1",0.92,NA,NA,0.91,NA,NA,NA,NA,NA,NA,NA,NA,NA,NA,NA,NA,6,NA,NA,NA,NA,NA,2011,"1",0.98,NA,NA,0.86,NA,NA,NA,NA,NA,NA,NA,NA,"Construction",NA,NA,NA,NA,2,0.0599999999999999,NA,NA,NA,0.0631789016215315,NA,NA,NA,-0.05,NA,NA,NA,-0.0565122102633423,NA,NA,NA,NA,NA,NA,NA,NA,NA,NA,NA,1,0,1,0,0,0,0,0
NA,88,"WehKamp, 2013","AH",0,0,0,1,0,0,0,0,0,0,NA,NA,"demersal hardbottom fish","subtidal",54.18,7.91,"North Sea","Yes","Construction",NA,NA,"2009; 10 m; June",1,0,0,0,0,"Figure 6","10 m",189,"m^3",2,"m^2","Negative","",NA,189,"m^3",2,"m^2","Mixed inverts",6,NA,NA,NA,NA,NA,2009,"1",0.43,NA,NA,0.87,NA,NA,NA,NA,NA,NA,NA,NA,NA,NA,NA,NA,6,NA,NA,NA,NA,NA,2011,"1",0.97,NA,NA,0.8,NA,NA,NA,NA,NA,NA,NA,NA,"Construction",NA,NA,NA,NA,2,0.54,NA,NA,NA,0.81351086280982,NA,NA,NA,-0.07,NA,NA,NA,-0.083881483980702,NA,NA,NA,NA,NA,NA,NA,NA,NA,NA,NA,1,0,1,0,0,0,0,0
NA,88,"WehKamp, 2013","AH",0,0,0,1,0,0,0,0,0,0,NA,NA,"demersal hardbottom fish","subtidal",54.18,7.91,"North Sea","Yes","Construction",NA,NA,"2009; 15 m; June",1,0,0,0,0,"Figure 6","15 m",189,"m^3",2,"m^2","Negative","",NA,189,"m^3",2,"m^2","Mixed inverts",6,NA,NA,NA,NA,NA,2009,"1",0.8,NA,NA,0.81,NA,NA,NA,NA,NA,NA,NA,NA,NA,NA,NA,NA,6,NA,NA,NA,NA,NA,2011,"1",1.1,NA,NA,0.79,NA,NA,NA,NA,NA,NA,NA,NA,"Construction",NA,NA,NA,NA,2,0.3,NA,NA,NA,0.318453731118535,NA,NA,NA,-0.02,NA,NA,NA,-0.0250013022054173,NA,NA,NA,NA,NA,NA,NA,NA,NA,NA,NA,1,0,1,0,0,0,0,0
NA,88,"WehKamp, 2013","AH",0,0,0,1,0,0,0,0,0,0,NA,NA,"demersal hardbottom fish","subtidal",54.18,7.91,"North Sea","Yes","Construction",NA,NA,"2009; 20 m; June",1,0,0,0,0,"Figure 6","20 m",189,"m^3",2,"m^2","Negative","",NA,189,"m^3",2,"m^2","Mixed inverts",6,NA,NA,NA,NA,NA,2009,"1",0.56,NA,NA,0.76,NA,NA,NA,NA,NA,NA,NA,NA,NA,NA,NA,NA,6,NA,NA,NA,NA,NA,2011,"1",1.2,NA,NA,0.85,NA,NA,NA,NA,NA,NA,NA,NA,"Construction",NA,NA,NA,NA,2,0.64,NA,NA,NA,0.762140052046897,NA,NA,NA,0.09,NA,NA,NA,0.111917916203985,NA,NA,NA,NA,NA,NA,NA,NA,NA,NA,NA,1,0,1,0,0,0,0,0
NA,88,"WehKamp, 2013","AH",0,0,1,0,0,0,0,0,0,0,NA,NA,"demersal hardbottom fish","subtidal",54.18,7.91,"North Sea","Yes","Construction",NA,NA,"2011; 5 m; June",1,0,0,0,0,"Figure 6","5 m",189,"m^3",2,"m^2","Negative","",NA,189,"m^3",2,"m^2","Fish",6,NA,NA,NA,NA,NA,2009,"6",0.95,NA,NA,0.7,NA,NA,NA,NA,NA,NA,NA,NA,NA,NA,NA,NA,6,NA,NA,NA,NA,NA,2010,"6",0.48,NA,NA,0.52,NA,NA,NA,NA,NA,NA,NA,NA,"Construction",NA,NA,NA,NA,1,-0.47,NA,NA,NA,-0.68267588069265,NA,NA,NA,-0.18,NA,NA,NA,-0.297251523467932,NA,NA,NA,NA,NA,NA,NA,NA,NA,NA,NA,1,0,1,0,0,0,0,0
NA,88,"WehKamp, 2013","AH",0,0,1,0,0,0,0,0,0,0,NA,NA,"demersal hardbottom fish","subtidal",54.18,7.91,"North Sea","Yes","Construction",NA,NA,"2011; 10 m; June",1,0,0,0,0,"Figure 6","10 m",189,"m^3",2,"m^2","Negative","",NA,189,"m^3",2,"m^2","Fish",6,NA,NA,NA,NA,NA,2009,"6",0.69,NA,NA,0.8,NA,NA,NA,NA,NA,NA,NA,NA,NA,NA,NA,NA,6,NA,NA,NA,NA,NA,2010,"6",1.2,NA,NA,0.85,NA,NA,NA,NA,NA,NA,NA,NA,"Construction",NA,NA,NA,NA,1,0.51,NA,NA,NA,0.553385238184787,NA,NA,NA,0.0499999999999999,NA,NA,NA,0.0606246218164348,NA,NA,NA,NA,NA,NA,NA,NA,NA,NA,NA,1,0,1,0,0,0,0,0
NA,88,"WehKamp, 2013","AH",0,0,1,0,0,0,0,0,0,0,NA,NA,"demersal hardbottom fish","subtidal",54.18,7.91,"North Sea","Yes","Construction",NA,NA,"2011; 15 m; June",1,0,0,0,0,"Figure 6","15 m",189,"m^3",2,"m^2","Negative","",NA,189,"m^3",2,"m^2","Fish",6,NA,NA,NA,NA,NA,2009,"6",1.2,NA,NA,0.84,NA,NA,NA,NA,NA,NA,NA,NA,NA,NA,NA,NA,6,NA,NA,NA,NA,NA,2010,"6",1,NA,NA,0.85,NA,NA,NA,NA,NA,NA,NA,NA,"Construction",NA,NA,NA,NA,1,-0.2,NA,NA,NA,-0.182321556793955,NA,NA,NA,0.01,NA,NA,NA,0.0118344576470028,NA,NA,NA,NA,NA,NA,NA,NA,NA,NA,NA,1,0,1,0,0,0,0,0
NA,88,"WehKamp, 2013","AH",0,0,0,0,0,1,0,0,0,0,NA,NA,"demersal hardbottom fish","subtidal",54.18,7.91,"North Sea","Yes","Construction",NA,NA,"2010; 0 m; July",1,0,0,0,0,"Figure 6","0 m",189,"m^3",2,"m^2","Negative","",NA,189,"m^3",2,"m^2","Plants",6,NA,NA,NA,NA,NA,2009,"8",1.08,NA,NA,0.75,NA,NA,NA,NA,NA,NA,NA,NA,NA,NA,NA,NA,6,NA,NA,NA,NA,NA,2011,"8",1.3,NA,NA,0.8,NA,NA,NA,NA,NA,NA,NA,NA,"Construction",NA,NA,NA,NA,2,0.22,NA,NA,NA,0.185403223331363,NA,NA,NA,0.05,NA,NA,NA,0.0645385211375712,NA,NA,NA,NA,NA,NA,NA,NA,NA,NA,NA,1,0,1,0,0,0,0,0
NA,88,"WehKamp, 2013","AH",0,0,0,0,0,1,0,0,0,0,NA,NA,"demersal hardbottom fish","subtidal",54.18,7.91,"North Sea","Yes","Construction",NA,NA,"2010; 5 m; July",1,0,0,0,0,"Figure 6","5 m",189,"m^3",2,"m^2","Negative","",NA,189,"m^3",2,"m^2","Plants",6,NA,NA,NA,NA,NA,2009,"8",1.44,NA,NA,0.8,NA,NA,NA,NA,NA,NA,NA,NA,NA,NA,NA,NA,6,NA,NA,NA,NA,NA,2011,"8",1.3,NA,NA,0.9,NA,NA,NA,NA,NA,NA,NA,NA,"Construction",NA,NA,NA,NA,2,-0.14,NA,NA,NA,-0.102278849120418,NA,NA,NA,0.1,NA,NA,NA,0.117783035656383,NA,NA,NA,NA,NA,NA,NA,NA,NA,NA,NA,1,0,1,0,0,0,0,0
NA,88,"WehKamp, 2013","AH",0,0,0,0,0,1,0,0,0,0,NA,NA,"demersal hardbottom fish","subtidal",54.18,7.91,"North Sea","Yes","Construction",NA,NA,"2010; 10 m; July",1,0,0,0,0,"Figure 6","10 m",189,"m^3",2,"m^2","Negative","",NA,189,"m^3",2,"m^2","Plants",6,NA,NA,NA,NA,NA,2009,"8",1.46,NA,NA,0.83,NA,NA,NA,NA,NA,NA,NA,NA,NA,NA,NA,NA,6,NA,NA,NA,NA,NA,2011,"8",1.23,NA,NA,0.92,NA,NA,NA,NA,NA,NA,NA,NA,"Construction",NA,NA,NA,NA,2,-0.23,NA,NA,NA,-0.171422266335919,NA,NA,NA,0.0900000000000001,NA,NA,NA,0.102947969252442,NA,NA,NA,NA,NA,NA,NA,NA,NA,NA,NA,1,0,1,0,0,0,0,0
NA,88,"WehKamp, 2013","AH",0,0,0,0,0,1,0,0,0,0,NA,NA,"demersal hardbottom fish","subtidal",54.18,7.91,"North Sea","Yes","Construction",NA,NA,"2010; 15 m; July",1,0,0,0,0,"Figure 6","15 m",189,"m^3",2,"m^2","Negative","",NA,189,"m^3",2,"m^2","Plants",6,NA,NA,NA,NA,NA,2009,"8",1.39,NA,NA,0.83,NA,NA,NA,NA,NA,NA,NA,NA,NA,NA,NA,NA,6,NA,NA,NA,NA,NA,2011,"8",1.24,NA,NA,0.92,NA,NA,NA,NA,NA,NA,NA,NA,"Construction",NA,NA,NA,NA,2,-0.15,NA,NA,NA,-0.114192367525655,NA,NA,NA,0.0900000000000001,NA,NA,NA,0.102947969252442,NA,NA,NA,NA,NA,NA,NA,NA,NA,NA,NA,1,0,1,0,0,0,0,0
NA,88,"WehKamp, 2013","AH",0,0,0,0,0,1,0,0,0,0,NA,NA,"demersal hardbottom fish","subtidal",54.18,7.91,"North Sea","Yes","Construction",NA,NA,"2010; 20 m; July",1,0,0,0,0,"Figure 6","20 m",189,"m^3",2,"m^2","Negative","",NA,189,"m^3",2,"m^2","Plants",6,NA,NA,NA,NA,NA,2009,"8",1.6,NA,NA,0.9,NA,NA,NA,NA,NA,NA,NA,NA,NA,NA,NA,NA,6,NA,NA,NA,NA,NA,2011,"8",1.2,NA,NA,0.8,NA,NA,NA,NA,NA,NA,NA,NA,"Construction",NA,NA,NA,NA,2,-0.4,NA,NA,NA,-0.287682072451781,NA,NA,NA,-0.1,NA,NA,NA,-0.117783035656383,NA,NA,NA,NA,NA,NA,NA,NA,NA,NA,NA,1,0,1,0,0,0,0,0
NA,327,"Dupont, et al.2010","AH",0,0,0,0,0,1,0,0,0,0,NA,NA,"small reef fish","rocky subtidal",27.63,-83,"Florida","Yes","Red Tide","Yes",NA,"LB; Spring 2005-2006",1,0,0,0,0,"Figure 5","LB",2,"km^2",1570,"m^3","Negative","",NA,2e+06,"m^2",1570,"m^3","Plants",10,NA,NA,NA,NA,NA,2005,"4",44,NA,NA,NA,NA,NA,NA,NA,NA,NA,NA,NA,NA,NA,NA,NA,10,NA,NA,NA,NA,NA,2006,"1",24.9,NA,NA,NA,NA,NA,NA,NA,NA,NA,NA,NA,"HAB",NA,NA,NA,NA,1,-19.1,NA,NA,NA,-0.569321830447599,NA,NA,NA,NA,NA,NA,NA,NA,NA,NA,NA,NA,NA,NA,NA,NA,NA,NA,NA,1,0,0,0,0,0,0,0
NA,327,"Dupont, et al.2010","AH",0,0,0,0,0,1,0,0,0,0,NA,NA,"small reef fish","rocky subtidal",27.63,-83,"Florida","Yes","Red Tide","Yes",NA,"RM; Spring 2005-2006",1,0,0,0,0,"Figure 5","RM",2,"km^2",1570,"m^3","Negative","",NA,2e+06,"m^2",1570,"m^3","Plants",10,NA,NA,NA,NA,NA,2005,"4",30.9,NA,NA,NA,NA,NA,NA,NA,NA,NA,NA,NA,NA,NA,NA,NA,10,NA,NA,NA,NA,NA,2006,"1",19,NA,NA,NA,NA,NA,NA,NA,NA,NA,NA,NA,"HAB",NA,NA,NA,NA,1,-11.9,NA,NA,NA,-0.486317204737259,NA,NA,NA,NA,NA,NA,NA,NA,NA,NA,NA,NA,NA,NA,NA,NA,NA,NA,NA,1,0,0,0,0,0,0,0
NA,327,"Dupont, et al.2010","AH",0,0,0,0,0,1,0,0,0,0,NA,NA,"small reef fish","rocky subtidal",27.63,-83,"Florida","Yes","Red Tide","Yes",NA,"Ref; Spring 2005-2006",1,0,0,0,0,"Figure 5","Ref",2,"km^2",1570,"m^3","Negative","",NA,2e+06,"m^2",1570,"m^3","Plants",10,NA,NA,NA,NA,NA,2005,"4",24.9,NA,NA,NA,NA,NA,NA,NA,NA,NA,NA,NA,NA,NA,NA,NA,10,NA,NA,NA,NA,NA,2006,"1",15.8,NA,NA,NA,NA,NA,NA,NA,NA,NA,NA,NA,"HAB",NA,NA,NA,NA,1,-9.1,NA,NA,NA,-0.454857863437741,NA,NA,NA,NA,NA,NA,NA,NA,NA,NA,NA,NA,NA,NA,NA,NA,NA,NA,NA,1,0,0,0,0,0,0,0
NA,340,"Birchenough and Frid 2009","MH",0,0,0,0,1,1,1,0,0,0,NA,NA,"macrobenthic inverts (e.g. polychaetes, molluscs) ","subtidal mudflat",55.033,1.35,"United Kingdom","Yes","Stopped disposal of sewer sludge the year before the study",NA,NA,"Sites 5 and 7 were control, other two impacted",0,0,0,1,0,NA,"S 1",NA,NA,0.1,"m^2","Positive","",NA,NA,NA,0.1,"m^2","Coral",5,NA,465.9182183,NA,NA,NA,1999,"4",40.93333333,2.533333333,"SE",NA,NA,NA,NA,NA,NA,NA,NA,NA,5.66470554225411,NA,NA,NA,5,NA,"158.3242059",NA,NA,NA,2000,"4",30.93333333,1.866666667,"SE",NA,NA,NA,NA,NA,NA,NA,NA,NA,"Restoration",4.17399355874496,NA,NA,NA,1,-10,9.90222222177778,-1.81429835912077,0.564583926795415,-0.280110375947213,0.00747177758446956,-1.81429835912077,0.58979156130478,NA,NA,NA,NA,NA,NA,NA,NA,NA,NA,NA,NA,NA,NA,NA,NA,1,1,0,0,1,1,0,0
NA,340,"Birchenough and Frid 2009","MH",0,0,0,0,1,1,1,0,0,0,NA,NA,"macrobenthic inverts (e.g. polychaetes, molluscs)","subtidal mudflat",55.033,1.35,"United Kingdom","Yes","Stopped disposal of sewer sludge the year before the study",NA,NA,"Sites 5 and 7 were control, other two impacted",0,0,0,1,0,NA,"S 1",NA,NA,0.1,"m^2","Positive","",NA,NA,NA,0.1,"m^2","Coral",5,NA,465.9182183,NA,NA,NA,1999,"4",40.93333333,2.533333333,"SE",NA,NA,NA,NA,NA,NA,NA,NA,NA,5.66470554225411,NA,NA,NA,5,NA,"271.9605696",NA,NA,NA,2001,"3",46,0,"SE",NA,NA,NA,NA,NA,NA,NA,NA,NA,"Restoration",0,NA,NA,NA,2,5.06666667,6.41777777608889,1.14183943523922,0.465189864793372,0.116696669525596,0.00383027936597518,1.14183943523922,0.540240356348627,NA,NA,NA,NA,NA,NA,NA,NA,NA,NA,NA,NA,NA,NA,NA,NA,1,1,0,0,1,1,0,0
NA,340,"Birchenough and Frid 2009","MH",0,0,0,0,1,1,1,0,0,0,NA,NA,"macrobenthic inverts (e.g. polychaetes, molluscs)","subtidal mudflat",55.033,1.35,"United Kingdom","Yes","Stopped disposal of sewer sludge the year before the study",NA,NA,"Sites 5 and 7 were control, other two impacted",0,0,0,1,0,NA,"St 2",NA,NA,0.1,"m^2","Positive","",NA,NA,NA,0.1,"m^2","Coral",5,NA,405.2939029,NA,NA,NA,1999,"4",44.93333333,0.933333333,"SE",NA,NA,NA,NA,NA,NA,NA,NA,NA,2.08699677825445,NA,NA,NA,5,NA,"226.4877693",NA,NA,NA,2001,"3",38,0.533333333,"SE",NA,NA,NA,NA,NA,NA,NA,NA,NA,"Restoration",1.19256958725453,NA,NA,NA,2,-6.93333333,1.15555555457778,-3.68232153050858,1.07797459270235,-0.167593750009527,0.000628439453776663,-3.68232153050858,1.27601372695883,NA,NA,NA,NA,NA,NA,NA,NA,NA,NA,NA,NA,NA,NA,NA,NA,1,1,0,0,1,1,0,0
NA,340,"Birchenough and Frid 2009","MH",0,0,0,0,1,1,1,0,0,0,NA,NA,"macrobenthic inverts (e.g. polychaetes, molluscs)","subtidal mudflat",55.033,1.35,"United Kingdom","Yes","Stopped disposal of sewer sludge the year before the study",NA,NA,"Sites 5 and 7 were control, other two impacted",0,0,0,1,0,NA,"St 5",NA,NA,0.1,"m^2","Positive","",NA,NA,NA,0.1,"m^2","Coral",5,NA,255.3121577,NA,NA,NA,1999,"4",35.86666667,1.2,"SE",NA,NA,NA,NA,NA,NA,NA,NA,NA,2.68328157299975,NA,NA,NA,5,NA,"124.9908726",NA,NA,NA,2001,"3",21.86666667,0.4,"SE",NA,NA,NA,NA,NA,NA,NA,NA,NA,"Restoration",0.894427190999916,NA,NA,NA,2,-14,1.6,-6.31892333573487,2.39643960614474,-0.494844951718138,0.00145400976372573,-6.31892333573487,3.74246961636254,NA,NA,NA,NA,NA,NA,NA,NA,NA,NA,NA,NA,NA,NA,NA,NA,1,1,0,0,1,1,0,0
NA,340,"Birchenough and Frid 2009","MH",0,0,0,0,1,1,1,0,0,0,NA,NA,"macrobenthic inverts (e.g. polychaetes, molluscs)","subtidal mudflat",55.033,1.35,"United Kingdom","Yes","Stopped disposal of sewer sludge the year before the study",NA,NA,"Sites 5 and 7 were control, other two impacted",0,0,0,1,0,NA,"St 7",NA,NA,0.1,"m^2","Positive","",NA,NA,NA,0.1,"m^2","Coral",5,NA,241.6575392,NA,NA,NA,1999,"4",32.13333333,3.866666667,"SE",NA,NA,NA,NA,NA,NA,NA,NA,NA,8.64612951374454,NA,NA,NA,5,NA,"150.7301935",NA,NA,NA,2001,"3",26.93333333,0,"SE",NA,NA,NA,NA,NA,NA,NA,NA,NA,"Restoration",0,NA,NA,NA,2,-5.2,14.9511111136889,-0.767788585091969,0.429474965569876,-0.176529236109478,0.0144797782462334,-0.767788585091969,0.467482561104491,NA,NA,NA,NA,NA,NA,NA,NA,NA,NA,NA,NA,NA,NA,NA,NA,1,1,0,0,1,1,0,0
NA,478,"Barrett et al. 2007","ARW",0,0,0,1,0,0,0,0,0,0,NA,NA,"various fish","coastal shelf",-42.60565,148.044847,"Tasmania","Yes","MPA","Yes",NA,"Set up MPA in 1991, start sampling a year later; THIS IS RESERVE DATA",1,0,0,0,0,"Fig. 5","Maria Island National Park",7,"km",500,"m^2","Positive","",NA,7000,"m",500,"m^2","Mixed inverts",4,NA,NA,NA,NA,NA,1992,"4",14.881,1.583,"SE",NA,NA,NA,NA,NA,NA,NA,NA,NA,3.166,NA,NA,NA,4,NA,NA,NA,NA,NA,2002,"4",13.193,2.005,"SE",NA,NA,NA,NA,NA,NA,NA,NA,NA,"MPA",4.01,NA,NA,NA,10,-1.688,6.525914,-0.405854102112296,0.510294847012586,-0.120398845546274,0.0344123797195123,-0.405854102112296,0.513922535335574,NA,NA,NA,NA,NA,NA,NA,NA,NA,NA,NA,NA,NA,NA,NA,NA,1,1,0,0,1,1,0,0
NA,478,"Barrett et al. 2007","ARW",0,0,0,1,0,0,0,0,0,0,NA,NA,"various fish","coastal shelf",-41.872117,148.311936,"Tasmania","Yes","MPA","Yes",NA,"Set up MPA in 1991, start sampling a year later; THIS IS RESERVE DATA",1,0,0,0,0,"Fig. 12","Governor Island Marine Reserve",7,"km",500,"m^2","Positive","",NA,7000,"m",500,"m^2","Mixed inverts",4,NA,NA,NA,NA,NA,1992,"9",8.63,3.355,"SE",NA,NA,NA,NA,NA,NA,NA,NA,NA,6.71,NA,NA,NA,4,NA,NA,NA,NA,NA,1997,"9",7.083,2.571,"SE",NA,NA,NA,NA,NA,NA,NA,NA,NA,"MPA",5.142,NA,NA,NA,5,-1.547,17.866066,-0.224798814926373,0.503158406699519,-0.197546958323851,0.282890223682334,-0.224798814926373,0.506400491711309,NA,NA,NA,NA,NA,NA,NA,NA,NA,NA,NA,NA,NA,NA,NA,NA,1,1,0,0,1,1,0,0
NA,478,"Barrett et al. 2007","ARW",0,0,0,1,0,0,0,0,0,0,NA,NA,"various fish","coastal shelf",-43.058694,147.320933,"Tasmania","Yes","MPA","Yes",NA,"Set up MPA in 1991, start sampling a year later; THIS IS RESERVE DATA",1,0,0,0,0,"Fig. 9","Tinderbox Marine Reserve",7,"km",500,"m^2","Positive","",NA,7000,"m",500,"m^2","Mixed inverts",4,NA,NA,NA,NA,NA,1992,"4",14.511,0.573,"SE",NA,NA,NA,NA,NA,NA,NA,NA,NA,1.146,NA,NA,NA,4,NA,NA,NA,NA,NA,2002,"4",17.566,0.525,"SE",NA,NA,NA,NA,NA,NA,NA,NA,NA,"MPA",1.05,NA,NA,NA,10,3.055,0.603954,2.4145013598687,0.864363551050487,0.19105823298597,0.00245249535703371,2.4145013598687,0.872355317212791,NA,NA,NA,NA,NA,NA,NA,NA,NA,NA,NA,NA,NA,NA,NA,NA,1,1,0,0,1,1,0,0
NA,604,"Hidalgo and Escribano 2001

","TI",0,0,0,0,1,1,0,0,0,0,200,"mu m","pelagic copepods","coastal shelf",-23.35,-70.65,"Northern Chile","Yes","Post and pre El Nino","Yes",NA,"they used a  Nansen net equipped with a 200-<c2><b5>m mesh and
0.5 m",0,0,0,0,1,"Fig 3","Mejillones Chile",NA,NA,450,"m^2","Uncertain","Could be either depending on when samples taken",NA,NA,NA,450,"m^2","Plants",1,NA,NA,NA,NA,NA,1997,"1",11.04651788,NA,NA,NA,NA,NA,NA,NA,NA,NA,NA,NA,NA,NA,NA,NA,1,NA,NA,NA,NA,NA,1998,"1",11.15676257,NA,NA,NA,NA,NA,NA,NA,NA,NA,NA,NA,"El Nino",NA,NA,NA,NA,1,0.11024469,NA,NA,NA,0.0099305682544833,NA,NA,NA,NA,NA,NA,NA,NA,NA,NA,NA,NA,NA,NA,NA,NA,NA,NA,NA,1,0,0,0,0,0,0,0
NA,693,"Bedford, et al., 2006","AH",0,0,0,1,0,0,0,0,0,0,NA,NA,"typical kelp forest fish assemblage","rocky subtidal",34.013056,-118.5425,"Southern California","Yes","Artificial rock reef built","Yes",NA,NA,1,0,0,0,0,"Table 2","Shallow",269,"ac",5.58,"ac","Positive","",NA,1088604.3776256,"m^2",22581.458836992,"m^2","Mixed inverts",1,NA,NA,NA,NA,NA,1989,"11",14,NA,NA,NA,NA,NA,NA,NA,NA,NA,NA,NA,NA,NA,NA,NA,1,NA,NA,NA,NA,NA,1995,"11",16,NA,NA,NA,NA,NA,NA,NA,NA,NA,NA,NA,"Artificial Reef",NA,NA,NA,NA,6,2,NA,NA,NA,0.133531392624523,NA,NA,NA,NA,NA,NA,NA,NA,NA,NA,NA,NA,NA,NA,NA,NA,NA,NA,NA,1,0,0,0,0,0,0,0
NA,693,"Bedford, et al., 2006","AH",0,0,0,1,0,0,0,0,0,0,NA,NA,"typical kelp forest fish assemblage","rocky subtidal",34.013056,-118.5425,"Southern California","Yes","Artificial rock reef built","Yes",NA,NA,1,0,0,0,0,"Table 2","Mid",269,"ac",5.58,"ac","Positive","",NA,1088604.3776256,"m^2",22581.458836992,"m^2","Mixed inverts",1,NA,NA,NA,NA,NA,1989,"11",8,NA,NA,NA,NA,NA,NA,NA,NA,NA,NA,NA,NA,NA,NA,NA,1,NA,NA,NA,NA,NA,1995,"11",18,NA,NA,NA,NA,NA,NA,NA,NA,NA,NA,NA,"Artificial Reef",NA,NA,NA,NA,6,10,NA,NA,NA,0.810930216216329,NA,NA,NA,NA,NA,NA,NA,NA,NA,NA,NA,NA,NA,NA,NA,NA,NA,NA,NA,1,0,0,0,0,0,0,0
NA,693,"Bedford, et al., 2006","AH",0,0,0,1,0,0,0,0,0,0,NA,NA,"typical kelp forest fish assemblage","rocky subtidal",34.013056,-118.5425,"Southern California","Yes","Artificial rock reef built","Yes",NA,NA,1,0,0,0,0,"Table 2","Deep",269,"ac",5.58,"ac","Positive","",NA,1088604.3776256,"m^2",22581.458836992,"m^2","Mixed inverts",1,NA,NA,NA,NA,NA,1989,"11",5,NA,NA,NA,NA,NA,NA,NA,NA,NA,NA,NA,NA,NA,NA,NA,1,NA,NA,NA,NA,NA,1995,"11",12,NA,NA,NA,NA,NA,NA,NA,NA,NA,NA,NA,"Artificial Reef",NA,NA,NA,NA,6,7,NA,NA,NA,0.8754687373539,NA,NA,NA,NA,NA,NA,NA,NA,NA,NA,NA,NA,NA,NA,NA,NA,NA,NA,NA,1,0,0,0,0,0,0,0
NA,693,"Bedford, et al., 2006","AH",0,0,0,1,0,0,0,0,0,0,NA,NA,"typical kelp forest fish assemblage","rocky subtidal",34.013056,-118.5425,"Southern California","Yes","Artificial rock reef built","Yes",NA,NA,1,0,0,0,0,"Table 2","Topanga",269,"ac",5.58,"ac","Positive","",NA,1088604.3776256,"m^2",22581.458836992,"m^2","Mixed inverts",1,NA,NA,NA,NA,NA,1989,"11",14,NA,NA,NA,NA,NA,NA,NA,NA,NA,NA,NA,NA,NA,NA,NA,1,NA,NA,NA,NA,NA,1995,"11",13,NA,NA,NA,NA,NA,NA,NA,NA,NA,NA,NA,"Artificial Reef",NA,NA,NA,NA,6,-1,NA,NA,NA,-0.0741079721537218,NA,NA,NA,NA,NA,NA,NA,NA,NA,NA,NA,NA,NA,NA,NA,NA,NA,NA,NA,1,0,0,0,0,0,0,0
NA,693,"Bedford, et al., 2006","AH",0,0,0,0,0,1,0,0,0,0,NA,NA,"benthic macroinvertebrates","rocky subtidal",34.013056,-118.5425,"Southern California","Yes","Artificial rock reef built","Yes",NA,NA,1,0,0,0,0,"Table 3","Shallow",269,"ac",5.58,"ac","Positive","",NA,1088604.3776256,"m^2",22581.458836992,"m^2","Plants",1,NA,NA,NA,NA,NA,1989,"11",2,NA,NA,NA,NA,NA,NA,NA,NA,NA,NA,NA,NA,NA,NA,NA,1,NA,NA,NA,NA,NA,1995,"11",7,NA,NA,NA,NA,NA,NA,NA,NA,NA,NA,NA,"Artificial Reef",NA,NA,NA,NA,6,5,NA,NA,NA,1.25276296849537,NA,NA,NA,NA,NA,NA,NA,NA,NA,NA,NA,NA,NA,NA,NA,NA,NA,NA,NA,1,0,0,0,0,0,0,0
NA,693,"Bedford, et al., 2006","AH",0,0,0,0,0,1,0,0,0,0,NA,NA,"benthic macroinvertebrates","rocky subtidal",34.013056,-118.5425,"Southern California","Yes","Artificial rock reef built","Yes",NA,NA,1,0,0,0,0,"Table 3","Mid",269,"ac",5.58,"ac","Positive","",NA,1088604.3776256,"m^2",22581.458836992,"m^2","Plants",1,NA,NA,NA,NA,NA,1989,"11",1,NA,NA,NA,NA,NA,NA,NA,NA,NA,NA,NA,NA,NA,NA,NA,1,NA,NA,NA,NA,NA,1995,"11",5,NA,NA,NA,NA,NA,NA,NA,NA,NA,NA,NA,"Artificial Reef",NA,NA,NA,NA,6,4,NA,NA,NA,1.6094379124341,NA,NA,NA,NA,NA,NA,NA,NA,NA,NA,NA,NA,NA,NA,NA,NA,NA,NA,NA,1,0,0,0,0,0,0,0
NA,693,"Bedford, et al., 2006","AH",0,0,0,0,0,1,0,0,0,0,NA,NA,"benthic macroinvertebrates","rocky subtidal",34.013056,-118.5425,"Southern California","Yes","Artificial rock reef built","Yes",NA,NA,1,0,0,0,0,"Table 3","Deep",269,"ac",5.58,"ac","Positive","",NA,1088604.3776256,"m^2",22581.458836992,"m^2","Plants",1,NA,NA,NA,NA,NA,1989,"11",1,NA,NA,NA,NA,NA,NA,NA,NA,NA,NA,NA,NA,NA,NA,NA,1,NA,NA,NA,NA,NA,1995,"11",4,NA,NA,NA,NA,NA,NA,NA,NA,NA,NA,NA,"Artificial Reef",NA,NA,NA,NA,6,3,NA,NA,NA,1.38629436111989,NA,NA,NA,NA,NA,NA,NA,NA,NA,NA,NA,NA,NA,NA,NA,NA,NA,NA,NA,1,0,0,0,0,0,0,0
NA,693,"Bedford, et al., 2006","AH",0,0,0,0,0,1,0,0,0,0,NA,NA,"benthic macroinvertebrates","rocky subtidal",34.013056,-118.5425,"Southern California","Yes","Artificial rock reef built","Yes",NA,NA,1,0,0,0,0,"Table 3","Topanga",269,"ac",5.58,"ac","Positive","",NA,1088604.3776256,"m^2",22581.458836992,"m^2","Plants",1,NA,NA,NA,NA,NA,1989,"11",7,NA,NA,NA,NA,NA,NA,NA,NA,NA,NA,NA,NA,NA,NA,NA,1,NA,NA,NA,NA,NA,1995,"11",4,NA,NA,NA,NA,NA,NA,NA,NA,NA,NA,NA,"Artificial Reef",NA,NA,NA,NA,6,-3,NA,NA,NA,-0.559615787935423,NA,NA,NA,NA,NA,NA,NA,NA,NA,NA,NA,NA,NA,NA,NA,NA,NA,NA,NA,1,0,0,0,0,0,0,0
NA,693,"Bedford, et al., 2006","AH",0,0,0,0,0,0,1,0,0,0,NA,NA,"Infaunal invertebrates","rocky subtidal",34.013056,-118.5425,"Southern California","Yes","Artificial rock reef built","Yes",NA,NA,1,0,0,0,0,"Table 4","Shallow",269,"ac",5.58,"ac","Positive","",NA,1088604.3776256,"m^2",22581.458836992,"m^2","Zooplankton",1,NA,NA,NA,NA,NA,1989,"11",10,NA,NA,NA,NA,NA,NA,NA,NA,NA,NA,NA,NA,NA,NA,NA,1,NA,NA,NA,NA,NA,1995,"11",13,NA,NA,NA,NA,NA,NA,NA,NA,NA,NA,NA,"Artificial Reef",NA,NA,NA,NA,6,3,NA,NA,NA,0.262364264467491,NA,NA,NA,NA,NA,NA,NA,NA,NA,NA,NA,NA,NA,NA,NA,NA,NA,NA,NA,1,0,0,0,0,0,0,0
NA,693,"Bedford, et al., 2006","AH",0,0,0,0,0,0,1,0,0,0,NA,NA,"Infaunal invertebrates","rocky subtidal",34.013056,-118.5425,"Southern California","Yes","Artificial rock reef built","Yes",NA,NA,1,0,0,0,0,"Table 4","Mid",269,"ac",5.58,"ac","Positive","",NA,1088604.3776256,"m^2",22581.458836992,"m^2","Zooplankton",1,NA,NA,NA,NA,NA,1989,"11",4,NA,NA,NA,NA,NA,NA,NA,NA,NA,NA,NA,NA,NA,NA,NA,1,NA,NA,NA,NA,NA,1995,"11",15,NA,NA,NA,NA,NA,NA,NA,NA,NA,NA,NA,"Artificial Reef",NA,NA,NA,NA,6,11,NA,NA,NA,1.32175583998232,NA,NA,NA,NA,NA,NA,NA,NA,NA,NA,NA,NA,NA,NA,NA,NA,NA,NA,NA,1,0,0,0,0,0,0,0
NA,693,"Bedford, et al., 2006","AH",0,0,0,0,0,0,1,0,0,0,NA,NA,"Infaunal invertebrates","rocky subtidal",34.013056,-118.5425,"Southern California","Yes","Artificial rock reef built","Yes",NA,NA,1,0,0,0,0,"Table 4","Deep",269,"ac",5.58,"ac","Positive","",NA,1088604.3776256,"m^2",22581.458836992,"m^2","Zooplankton",1,NA,NA,NA,NA,NA,1989,"11",6,NA,NA,NA,NA,NA,NA,NA,NA,NA,NA,NA,NA,NA,NA,NA,1,NA,NA,NA,NA,NA,1995,"11",10,NA,NA,NA,NA,NA,NA,NA,NA,NA,NA,NA,"Artificial Reef",NA,NA,NA,NA,6,4,NA,NA,NA,0.510825623765991,NA,NA,NA,NA,NA,NA,NA,NA,NA,NA,NA,NA,NA,NA,NA,NA,NA,NA,NA,1,0,0,0,0,0,0,0
NA,693,"Bedford, et al., 2006","AH",0,0,0,0,0,0,1,0,0,0,NA,NA,"Infaunal invertebrates","rocky subtidal",34.013056,-118.5425,"Southern California","Yes","Artificial rock reef built","Yes",NA,NA,1,0,0,0,0,"Table 4","Topanga",269,"ac",5.58,"ac","Positive","",NA,1088604.3776256,"m^2",22581.458836992,"m^2","Zooplankton",1,NA,NA,NA,NA,NA,1989,"11",12,NA,NA,NA,NA,NA,NA,NA,NA,NA,NA,NA,NA,NA,NA,NA,1,NA,NA,NA,NA,NA,1995,"11",10,NA,NA,NA,NA,NA,NA,NA,NA,NA,NA,NA,"Artificial Reef",NA,NA,NA,NA,6,-2,NA,NA,NA,-0.182321556793955,NA,NA,NA,NA,NA,NA,NA,NA,NA,NA,NA,NA,NA,NA,NA,NA,NA,NA,NA,1,0,0,0,0,0,0,0
NA,693,"Bedford, et al., 2006","AH",0,0,1,0,0,0,0,0,0,0,NA,NA,"Benthic macroalgae","rocky subtidal",34.013056,-118.5425,"Southern California","Yes","Artificial rock reef built","Yes",NA,NA,1,0,0,0,0,"Table 5","Shallow",269,"ac",5.58,"ac","Positive","",NA,1088604.3776256,"m^2",22581.458836992,"m^2","Fish",1,NA,NA,NA,NA,NA,1989,"11",7,NA,NA,NA,NA,NA,NA,NA,NA,NA,NA,NA,NA,NA,NA,NA,1,NA,NA,NA,NA,NA,1995,"11",3,NA,NA,NA,NA,NA,NA,NA,NA,NA,NA,NA,"Artificial Reef",NA,NA,NA,NA,6,-4,NA,NA,NA,-0.847297860387204,NA,NA,NA,NA,NA,NA,NA,NA,NA,NA,NA,NA,NA,NA,NA,NA,NA,NA,NA,1,0,0,0,0,0,0,0
NA,693,"Bedford, et al., 2006","AH",0,0,1,0,0,0,0,0,0,0,NA,NA,"Benthic macroalgae","rocky subtidal",34.013056,-118.5425,"Southern California","Yes","Artificial rock reef built","Yes",NA,NA,1,0,0,0,0,"Table 5","Mid",269,"ac",5.58,"ac","Positive","",NA,1088604.3776256,"m^2",22581.458836992,"m^2","Fish",1,NA,NA,NA,NA,NA,1989,"11",6,NA,NA,NA,NA,NA,NA,NA,NA,NA,NA,NA,NA,NA,NA,NA,1,NA,NA,NA,NA,NA,1995,"11",3,NA,NA,NA,NA,NA,NA,NA,NA,NA,NA,NA,"Artificial Reef",NA,NA,NA,NA,6,-3,NA,NA,NA,-0.693147180559945,NA,NA,NA,NA,NA,NA,NA,NA,NA,NA,NA,NA,NA,NA,NA,NA,NA,NA,NA,1,0,0,0,0,0,0,0
NA,693,"Bedford, et al., 2006","AH",0,0,1,0,0,0,0,0,0,0,NA,NA,"Benthic macroalgae","rocky subtidal",34.013056,-118.5425,"Southern California","Yes","Artificial rock reef built","Yes",NA,NA,1,0,0,0,0,"Table 5","Deep",269,"ac",5.58,"ac","Positive","",NA,1088604.3776256,"m^2",22581.458836992,"m^2","Fish",1,NA,NA,NA,NA,NA,1989,"11",3,NA,NA,NA,NA,NA,NA,NA,NA,NA,NA,NA,NA,NA,NA,NA,1,NA,NA,NA,NA,NA,1995,"11",6,NA,NA,NA,NA,NA,NA,NA,NA,NA,NA,NA,"Artificial Reef",NA,NA,NA,NA,6,3,NA,NA,NA,0.693147180559945,NA,NA,NA,NA,NA,NA,NA,NA,NA,NA,NA,NA,NA,NA,NA,NA,NA,NA,NA,1,0,0,0,0,0,0,0
NA,693,"Bedford, et al., 2006","AH",0,0,1,0,0,0,0,0,0,0,NA,NA,"Benthic macroalgae","rocky subtidal",34.013056,-118.5425,"Southern California","Yes","Artificial rock reef built","Yes",NA,NA,1,0,0,0,0,"Table 5","Topanga",269,"ac",5.58,"ac","Positive","",NA,1088604.3776256,"m^2",22581.458836992,"m^2","Fish",1,NA,NA,NA,NA,NA,1989,"11",6,NA,NA,NA,NA,NA,NA,NA,NA,NA,NA,NA,NA,NA,NA,NA,1,NA,NA,NA,NA,NA,1995,"11",5,NA,NA,NA,NA,NA,NA,NA,NA,NA,NA,NA,"Artificial Reef",NA,NA,NA,NA,6,-1,NA,NA,NA,-0.182321556793955,NA,NA,NA,NA,NA,NA,NA,NA,NA,NA,NA,NA,NA,NA,NA,NA,NA,NA,NA,1,0,0,0,0,0,0,0
NA,404,"Whomersley, P., et al., 2008","AH",0,0,0,0,0,1,1,0,0,0,NA,NA,"Macro-invert infauna","nearshore subtidal",53,3,"United Kingdom","Yes","Dredge Dump Site","Yes",NA,NA,0,0,0,1,0,"Figure 2","D",4,"km^2",NA,NA,"Negative","",NA,4e+06,"m^2",NA,NA,"Coral",4,NA,NA,NA,NA,NA,1996,"9",21.3,2.5,"95% CI",NA,NA,NA,NA,NA,NA,NA,NA,NA,2.55102040816327,NA,NA,NA,4,NA,NA,NA,NA,NA,2003,"9",25.77,5.8,"95% CI",NA,NA,NA,NA,NA,NA,NA,NA,NA,"Dredge Dump",5.91836734693878,NA,NA,NA,7,4.47,10.3836942940441,0.852019917040671,0.545371121189624,0.190503951948894,0.0167720454222531,0.852019917040671,0.570172224850208,NA,NA,NA,NA,NA,NA,NA,NA,NA,NA,NA,NA,NA,NA,NA,NA,1,1,0,0,1,1,0,0
NA,404,"Whomersley, P., et al., 2008","AH",0,0,0,0,0,1,1,0,0,0,NA,NA,"Macro-invert infauna","nearshore subtidal",53,3,"United Kingdom","Yes","Dredge Dump Site","Yes",NA,NA,0,0,0,1,0,"Figure 2","Rn",4,"km^2",NA,NA,"Negative","",NA,4e+06,"m^2",NA,NA,"Coral",4,NA,NA,NA,NA,NA,1996,"9",31.99,6.1,"95% CI",NA,NA,NA,NA,NA,NA,NA,NA,NA,6.22448979591837,NA,NA,NA,4,NA,NA,NA,NA,NA,2003,"9",39,2.9,"95% CI",NA,NA,NA,NA,NA,NA,NA,NA,NA,"Dredge Dump",2.95918367346939,NA,NA,NA,7,7.01,11.8752603082049,1.24943773901739,0.597568416480055,0.19813829216822,0.0109042767400727,1.24943773901739,0.640282735303203,NA,NA,NA,NA,NA,NA,NA,NA,NA,NA,NA,NA,NA,NA,NA,NA,1,1,0,0,1,1,0,0
NA,404,"Whomersley, P., et al., 2008","AH",0,0,0,0,0,1,1,0,0,0,NA,NA,"Macro-invert infauna","nearshore subtidal",53,3,"United Kingdom","Yes","Dredge Dump Site","Yes",NA,NA,0,0,0,1,0,"Figure 2","Rs",4,"km^2",NA,NA,"Negative","",NA,4e+06,"m^2",NA,NA,"Coral",4,NA,NA,NA,NA,NA,1996,"9",36.61,4.3,"95% CI",NA,NA,NA,NA,NA,NA,NA,NA,NA,4.38775510204082,NA,NA,NA,4,NA,NA,NA,NA,NA,2003,"9",38.52,2.8,"95% CI",NA,NA,NA,NA,NA,NA,NA,NA,NA,"Dredge Dump",2.85714285714286,NA,NA,NA,7,1.91,6.85391503540191,0.44810746595035,0.512550018815028,0.0508561597977801,0.00496648932629094,0.44810746595035,0.517699343772933,NA,NA,NA,NA,NA,NA,NA,NA,NA,NA,NA,NA,NA,NA,NA,NA,1,1,0,0,1,1,0,0
NA,446,"Cardoso et al., 2008","AH",0,0,0,0,0,1,1,0,0,0,NA,NA,"Macrobenthic inverts","estuarine mudflat",40.13,8.83,"Portugal","Yes","Eutrophication","Yes",NA,NA,0,0,0,1,0,"Figure 5","Eutrophic",1,"km^2",2860,"cm^3","Negative","",NA,1e+06,"m^2",0.00286,"m^3","Coral",6,NA,NA,NA,NA,NA,1993,"2",35.44,NA,NA,0.85,NA,NA,"0.79",NA,NA,0.17,NA,NA,NA,NA,NA,NA,6,NA,NA,NA,NA,NA,2002,"2",18.46,NA,NA,1.1,NA,NA,0.59,NA,NA,0.31,NA,NA,"Eutrophication",NA,NA,NA,NA,9,-16.98,NA,NA,NA,-0.652234896662174,NA,NA,NA,0.25,NA,NA,NA,0.2578291093021,NA,NA,NA,0.14,NA,NA,NA,0.60077386042893,NA,NA,NA,1,0,1,0,0,0,0,0
NA,446,"Cardoso et al., 2008","AH",0,0,0,0,0,1,1,0,0,0,NA,NA,"Macrobenthic inverts","estuarine mudflat",40.13,8.83,"Portugal","Yes","Eutrophication","Yes",NA,NA,0,0,0,1,0,"Figure 5","Intermediate",1,"km^2",2860,"cm^3","Negative","",NA,1e+06,"m^2",0.00286,"m^3","Coral",6,NA,NA,NA,NA,NA,2001,"2",12.04,NA,NA,1.2,NA,NA,"0.55",NA,NA,0.36,NA,NA,NA,NA,NA,NA,6,NA,NA,NA,NA,NA,2000,"1",16.8,NA,NA,0.73,NA,NA,0.78,NA,NA,0.2,NA,NA,"Eutrophication",NA,NA,NA,NA,-1,4.76,NA,NA,NA,0.333144446528538,NA,NA,NA,-0.47,NA,NA,NA,-0.497032301633655,NA,NA,NA,-0.16,NA,NA,NA,-0.587786664902119,NA,NA,NA,1,0,1,0,0,0,0,0
NA,446,"Cardoso et al., 2008","AH",0,0,0,0,0,1,1,0,0,0,NA,NA,"Macrobenthic inverts","estuarine mudflat",40.13,8.83,"Portugal","Yes","Eutrophication","Yes",NA,NA,0,0,0,1,0,"Figure 5","Z. noltii bed",1,"km^2",2860,"cm^3","Negative","",NA,1e+06,"m^2",0.00286,"m^3","Coral",6,NA,NA,NA,NA,NA,2000,"1",16.8,NA,NA,0.73,NA,NA,"0.78",NA,NA,0.2,NA,NA,NA,NA,NA,NA,6,NA,NA,NA,NA,NA,2002,"1",16.8,NA,NA,0.26,NA,NA,0.91,NA,NA,0.08,NA,NA,"Eutrophication",NA,NA,NA,NA,2,0,NA,NA,NA,0,NA,NA,NA,-0.47,NA,NA,NA,-1.03236290312691,NA,NA,NA,-0.12,NA,NA,NA,-0.916290731874155,NA,NA,NA,1,0,1,0,0,0,0,0
NA,453,"Kelly and Metataxis, 2008","AH",0,0,0,0,0,1,1,0,0,0,NA,NA,"Colonizing invertebrates","hydrothermal vent",45.93,-130.98,"Oregon","Yes","Artificial Reef",NA,NA,NA,1,0,0,0,0,"Table 3","ROPOS Sponge",4,"km^2",140,"cm^3","Positive","",NA,4e+06,"m^2",0.00014,"m^3","Coral",8,NA,NA,NA,NA,NA,2001,NA,11.38,2,"SD",1.57,0.17,"SD",NA,NA,NA,0.65,0.07,"SD",2,0.17,NA,0.07,8,NA,NA,NA,NA,NA,2002,NA,11.75,0.5,"SD",1.49,0.01,"SD",NA,NA,NA,0.6,0.03,"SD","Artificial Reef",0.5,0.01,NA,0.03,1,0.369999999999999,0.53125,0.239930952030465,0.251798964429445,0.0319958118919829,0.00408721944401507,0.239930952030465,0.258572839125905,-0.0800000000000001,0.003625,-0.628014984641091,0.26232508815418,-0.0522994994028489,0.00147120707383345,-0.628014984641091,0.280305679460223,-0.05,0.000725,-0.877677622841229,0.274072437801132,-0.0800427076735365,0.00176220414201183,-0.877677622841229,0.291581101244888,1,1,1,1,1,1,1,1
NA,453,"Kelly and Metataxis, 2008","AH",0,0,0,0,0,1,1,0,0,0,NA,NA,"Colonizing invertebrates","hydrothermal vent",45.93,-130.98,"Oregon","Yes","Artificial Reef",NA,NA,NA,1,0,0,0,0,"Table 3","Cloud Sponge",4,"km^2",140,"cm^3","Positive","",NA,4e+06,"m^2",0.00014,"m^3","Coral",4,NA,NA,NA,NA,NA,2001,NA,11.33,1.03,"SD",1.64,0.15,"SD",NA,NA,NA,0.67,0.05,"SD",1.03,0.15,NA,0.05,4,NA,NA,NA,NA,NA,2002,NA,12.25,1.89,"SD",1.44,0.18,"SD",NA,NA,NA,0.58,0.09,"SD","Artificial Reef",1.89,0.18,NA,0.09,1,0.92,1.15825,0.52505505452672,0.517230175642754,0.078071861950821,0.0080171361106426,0.52505505452672,0.525434575469075,-0.2,0.013725,-1.04855686953196,0.568716969290166,-0.130053128248198,0.00599763905413444,-1.04855686953196,0.574386607407915,-0.0900000000000001,0.00265,-1.0738354653077,0.572070162909538,-0.144249608844547,0.00741191177058785,-1.0738354653077,0.595747993961166,1,1,1,1,1,1,1,1
NA,453,"Kelly and Metataxis, 2008","AH",0,0,0,0,0,1,1,0,0,0,NA,NA,"Colonizing invertebrates","hydrothermal vent",45.93,-130.98,"Oregon","Yes","Artificial Reef",NA,NA,NA,1,0,0,0,0,"Table 3","ROPOS Basalt",4,"km^2",140,"cm^3","Positive","",NA,4e+06,"m^2",0.00014,"m^3","Coral",6,NA,NA,NA,NA,NA,2001,NA,6.29,1.11,"SD",1.09,0.08,"SD",NA,NA,NA,0.6,0.09,"SD",1.11,0.08,NA,0.09,6,NA,NA,NA,NA,NA,2002,NA,7,1.31,"SD",1.19,0.14,"SD",NA,NA,NA,0.63,0.09,"SD","Artificial Reef",1.31,0.14,NA,0.09,1,0.71,0.491366666666667,0.539606114757384,0.345465614961815,0.106949078342964,0.0110273862486171,0.539606114757383,0.353314048808088,0.0999999999999999,0.00433333333333333,0.8093014353233,0.360623700550681,0.0877756108823856,0.00320459706778883,0.8093014353233,0.375654886770412,0.03,0.0027,0.307581869351029,0.337275275264728,0.048790164169432,0.00715136054421769,0.307581869351029,0.344611467357079,1,1,1,1,1,1,1,1
NA,453,"Kelly and Metataxis, 2008","AH",0,0,0,0,0,1,1,0,0,0,NA,NA,"Colonizing invertebrates","hydrothermal vent",45.93,-130.98,"Oregon","Yes","Artificial Reef",NA,NA,NA,1,0,0,0,0,"Table 3","Cloud Basalt",4,"km^2",140,"cm^3","Positive","",NA,4e+06,"m^2",0.00014,"m^3","Coral",4,NA,NA,NA,NA,NA,2001,NA,5,1.41,"SD",0.69,0.24,"SD",NA,NA,NA,0.45,0.14,"SD",1.41,0.24,NA,0.14,4,NA,NA,NA,NA,NA,2002,NA,5.25,1.28,"SD",0.5,0.15,"SD",NA,NA,NA,0.31,0.07,"SD","Artificial Reef",1.28,0.15,NA,0.07,1,0.25,0.906625,0.16126656450051,0.501625431551612,0.048790164169432,0.0347417709750567,0.161266564500509,0.504658631164735,-0.19,0.020025,-0.824680089349938,0.542506078110639,-0.322083499169113,0.0527457466918715,-0.824680089349938,0.5539812032203,-0.14,0.006125,-1.09873550797707,0.575451232280602,-0.372675285285174,0.0369446692617001,-1.09873550797707,0.606239259145608,1,1,1,1,1,1,1,1
NA,497,"Mazik et al., 2007","AH",0,0,0,0,0,1,1,0,0,0,NA,NA,"Infaunal invertebrates","subtidal mudflat",53.73,0.283333,"England","Yes","Created Mudflats","Yes",NA,NA,0,0,0,1,0,"Table 2","1A",2,"km^2",1177,"cm^2","Positive","",NA,2e+06,"m^2",0.1177,"m^2","Coral",3,NA,NA,NA,NA,NA,1994,"9",0,NA,NA,0,NA,NA,NA,NA,NA,NA,NA,NA,NA,NA,NA,NA,3,NA,NA,NA,NA,NA,1995,"9",1.7,NA,NA,0.5,NA,NA,NA,NA,NA,NA,NA,NA,"Restoration",NA,NA,NA,NA,1,1.7,NA,NA,NA,NA,NA,NA,NA,0.5,NA,NA,NA,NA,NA,NA,NA,NA,NA,NA,NA,NA,NA,NA,NA,0,0,0,0,0,0,0,0
NA,497,"Mazik et al., 2007","AH",0,0,0,0,0,1,1,0,0,0,NA,NA,"Infaunal invertebrates","subtidal mudflat",53.73,0.283333,"England","Yes","Created Mudflats","Yes",NA,NA,0,0,0,1,0,"Table 2","1 B",2,"km^2",1177,"cm^2","Positive","",NA,2e+06,"m^2",0.1177,"m^2","Coral",3,NA,NA,NA,NA,NA,1994,"9",1,NA,NA,NA,NA,NA,NA,NA,NA,NA,NA,NA,NA,NA,NA,NA,3,NA,NA,NA,NA,NA,1995,"9",0.7,NA,NA,NA,NA,NA,NA,NA,NA,NA,NA,NA,"Restoration",NA,NA,NA,NA,1,-0.3,NA,NA,NA,-0.356674943938732,NA,NA,NA,NA,NA,NA,NA,NA,NA,NA,NA,NA,NA,NA,NA,NA,NA,NA,NA,1,0,0,0,0,0,0,0
NA,497,"Mazik et al., 2007","AH",0,0,0,0,0,1,1,0,0,0,NA,NA,"Infaunal invertebrates","subtidal mudflat",53.73,0.283333,"England","Yes","Created Mudflats","Yes",NA,NA,0,0,0,1,0,"Table 2","1 C",2,"km^2",1177,"cm^2","Positive","",NA,2e+06,"m^2",0.1177,"m^2","Coral",3,NA,NA,NA,NA,NA,1994,"9",1.7,NA,NA,NA,NA,NA,NA,NA,NA,0.9,NA,NA,NA,NA,NA,NA,3,NA,NA,NA,NA,NA,1995,"9",1,NA,NA,NA,NA,NA,NA,NA,NA,0.7,NA,NA,"Restoration",NA,NA,NA,NA,1,-0.7,NA,NA,NA,-0.53062825106217,NA,NA,NA,NA,NA,NA,NA,NA,NA,NA,NA,-0.2,NA,NA,NA,-0.251314428280906,NA,NA,NA,1,0,0,0,0,0,0,0
NA,497,"Mazik et al., 2007","AH",0,0,0,0,0,1,1,0,0,0,NA,NA,"Infaunal invertebrates","subtidal mudflat",53.73,0.283333,"England","Yes","Created Mudflats","Yes",NA,NA,0,0,0,1,0,"Table 2","2A ",2,"km^2",1177,"cm^2","Positive","",NA,2e+06,"m^2",0.1177,"m^2","Coral",3,NA,NA,NA,NA,NA,1994,"9",1.7,NA,NA,0.6,NA,NA,NA,NA,NA,1,NA,NA,NA,NA,NA,NA,3,NA,NA,NA,NA,NA,1995,"9",1.3,NA,NA,0.3,NA,NA,NA,NA,NA,0.7,NA,NA,"Restoration",NA,NA,NA,NA,1,-0.4,NA,NA,NA,-0.268263986594679,NA,NA,NA,-0.3,NA,NA,NA,-0.693147180559945,NA,NA,NA,-0.3,NA,NA,NA,-0.356674943938732,NA,NA,NA,1,0,1,0,0,0,0,0
NA,497,"Mazik et al., 2007","AH",0,0,0,0,0,1,1,0,0,0,NA,NA,"Infaunal invertebrates","subtidal mudflat",53.73,0.283333,"England","Yes","Created Mudflats","Yes",NA,NA,0,0,0,1,0,"Table 2","2B",2,"km^2",1177,"cm^2","Positive","",NA,2e+06,"m^2",0.1177,"m^2","Coral",3,NA,NA,NA,NA,NA,1994,"9",1.7,NA,NA,0.2,NA,NA,NA,NA,NA,NA,NA,NA,NA,NA,NA,NA,3,NA,NA,NA,NA,NA,1995,"9",5.7,NA,NA,1.7,NA,NA,NA,NA,NA,NA,NA,NA,"Restoration",NA,NA,NA,NA,1,4,NA,NA,NA,1.20983792377833,NA,NA,NA,1.5,NA,NA,NA,2.14006616349627,NA,NA,NA,NA,NA,NA,NA,NA,NA,NA,NA,1,0,1,0,0,0,0,0
NA,497,"Mazik et al., 2007","AH",0,0,0,0,0,1,1,0,0,0,NA,NA,"Infaunal invertebrates","subtidal mudflat",53.73,0.283333,"England","Yes","Created Mudflats","Yes",NA,NA,0,0,0,1,0,"Table 2","2C",2,"km^2",1177,"cm^2","Positive","",NA,2e+06,"m^2",0.1177,"m^2","Coral",3,NA,NA,NA,NA,NA,1994,"9",2,NA,NA,NA,NA,NA,NA,NA,NA,1,NA,NA,NA,NA,NA,NA,3,NA,NA,NA,NA,NA,1995,"9",1,NA,NA,NA,NA,NA,NA,NA,NA,0.6,NA,NA,"Restoration",NA,NA,NA,NA,1,-1,NA,NA,NA,-0.693147180559945,NA,NA,NA,NA,NA,NA,NA,NA,NA,NA,NA,-0.4,NA,NA,NA,-0.510825623765991,NA,NA,NA,1,0,0,0,0,0,0,0
NA,497,"Mazik et al., 2007","AH",0,0,0,0,0,1,1,0,0,0,NA,NA,"Infaunal invertebrates","subtidal mudflat",53.73,0.283333,"England","Yes","Created Mudflats","Yes",NA,NA,0,0,0,1,0,"Table 2","3A",2,"km^2",1177,"cm^2","Positive","",NA,2e+06,"m^2",0.1177,"m^2","Coral",3,NA,NA,NA,NA,NA,1994,"9",5.7,NA,NA,1,NA,NA,NA,NA,NA,NA,NA,NA,NA,NA,NA,NA,3,NA,NA,NA,NA,NA,1995,"9",3.7,NA,NA,1.3,NA,NA,NA,NA,NA,NA,NA,NA,"Restoration",NA,NA,NA,NA,1,-2,NA,NA,NA,-0.432133355190326,NA,NA,NA,0.3,NA,NA,NA,0.262364264467491,NA,NA,NA,NA,NA,NA,NA,NA,NA,NA,NA,1,0,1,0,0,0,0,0
NA,497,"Mazik et al., 2007","AH",0,0,0,0,0,1,1,0,0,0,NA,NA,"Infaunal invertebrates","subtidal mudflat",53.73,0.283333,"England","Yes","Created Mudflats","Yes",NA,NA,0,0,0,1,0,"Table 2","4A",2,"km^2",1177,"cm^2","Positive","",NA,2e+06,"m^2",0.1177,"m^2","Coral",3,NA,NA,NA,NA,NA,1994,"9",4.3,NA,NA,NA,NA,NA,NA,NA,NA,0.9,NA,NA,NA,NA,NA,NA,3,NA,NA,NA,NA,NA,1995,"9",0.7,NA,NA,NA,NA,NA,NA,NA,NA,0.9,NA,NA,"Restoration",NA,NA,NA,NA,1,-3.6,NA,NA,NA,-1.81528996663825,NA,NA,NA,NA,NA,NA,NA,NA,NA,NA,NA,0,NA,NA,NA,0,NA,NA,NA,1,0,0,0,0,0,0,0
NA,497,"Mazik et al., 2007","AH",0,0,0,0,0,1,1,0,0,0,NA,NA,"Infaunal invertebrates","subtidal mudflat",53.73,0.283333,"England","Yes","Created Mudflats","Yes",NA,NA,0,0,0,1,0,"Table 2","4B",2,"km^2",1177,"cm^2","Positive","",NA,2e+06,"m^2",0.1177,"m^2","Coral",3,NA,NA,NA,NA,NA,1994,"9",1,NA,NA,0.3,NA,NA,NA,NA,NA,NA,NA,NA,NA,NA,NA,NA,3,NA,NA,NA,NA,NA,1995,"9",1,NA,NA,0.3,NA,NA,NA,NA,NA,NA,NA,NA,"Restoration",NA,NA,NA,NA,1,0,NA,NA,NA,0,NA,NA,NA,0,NA,NA,NA,0,NA,NA,NA,NA,NA,NA,NA,NA,NA,NA,NA,1,0,1,0,0,0,0,0
NA,497,"Mazik et al., 2007","AH",0,0,0,0,0,1,1,0,0,0,NA,NA,"Infaunal invertebrates","subtidal mudflat",53.73,0.283333,"England","Yes","Created Mudflats","Yes",NA,NA,0,0,0,1,0,"Table 2","5A",2,"km^2",1177,"cm^2","Positive","",NA,2e+06,"m^2",0.1177,"m^2","Coral",3,NA,NA,NA,NA,NA,1994,"9",1.3,NA,NA,NA,NA,NA,NA,NA,NA,0.9,NA,NA,NA,NA,NA,NA,3,NA,NA,NA,NA,NA,1995,"9",0.7,NA,NA,NA,NA,NA,NA,NA,NA,0.9,NA,NA,"Restoration",NA,NA,NA,NA,1,-0.6,NA,NA,NA,-0.619039208406224,NA,NA,NA,NA,NA,NA,NA,NA,NA,NA,NA,0,NA,NA,NA,0,NA,NA,NA,1,0,0,0,0,0,0,0
NA,497,"Mazik et al., 2007","AH",0,0,0,0,0,1,1,0,0,0,NA,NA,"Infaunal invertebrates","subtidal mudflat",53.73,0.283333,"England","Yes","Created Mudflats","Yes",NA,NA,0,0,0,1,0,"Table 2","5B",2,"km^2",1177,"cm^2","Positive","",NA,2e+06,"m^2",0.1177,"m^2","Coral",3,NA,NA,NA,NA,NA,1994,"9",0.3,NA,NA,0,NA,NA,NA,NA,NA,NA,NA,NA,NA,NA,NA,NA,3,NA,NA,NA,NA,NA,1995,"9",2.3,NA,NA,0.8,NA,NA,NA,NA,NA,NA,NA,NA,"Restoration",NA,NA,NA,NA,1,2,NA,NA,NA,2.03688192726104,NA,NA,NA,0.8,NA,NA,NA,NA,NA,NA,NA,NA,NA,NA,NA,NA,NA,NA,NA,1,0,0,0,0,0,0,0
NA,497,"Mazik et al., 2007","AH",0,0,0,0,0,1,1,0,0,0,NA,NA,"Infaunal invertebrates","subtidal mudflat",53.73,0.283333,"England","Yes","Created Mudflats","Yes",NA,NA,0,0,0,1,0,"Table 2","6A",2,"km^2",1177,"cm^2","Positive","",NA,2e+06,"m^2",0.1177,"m^2","Coral",3,NA,NA,NA,NA,NA,1994,"9",0.3,NA,NA,NA,NA,NA,NA,NA,NA,NA,NA,NA,NA,NA,NA,NA,3,NA,NA,NA,NA,NA,1995,"9",0,NA,NA,NA,NA,NA,NA,NA,NA,NA,NA,NA,"Restoration",NA,NA,NA,NA,1,-0.3,NA,NA,NA,NA,NA,NA,NA,NA,NA,NA,NA,NA,NA,NA,NA,NA,NA,NA,NA,NA,NA,NA,NA,0,0,0,0,0,0,0,0
NA,497,"Mazik et al., 2007","AH",0,0,0,0,0,1,1,0,0,0,NA,NA,"Infaunal invertebrates","subtidal mudflat",53.73,0.283333,"England","Yes","Created Mudflats","Yes",NA,NA,0,0,0,1,0,"Table 2","7A",2,"km^2",1177,"cm^2","Positive","",NA,2e+06,"m^2",0.1177,"m^2","Coral",3,NA,NA,NA,NA,NA,1994,"9",1.3,NA,NA,0.4,NA,NA,NA,NA,NA,0.8,NA,NA,NA,NA,NA,NA,3,NA,NA,NA,NA,NA,1995,"9",2,NA,NA,0.7,NA,NA,NA,NA,NA,0.1,NA,NA,"Restoration",NA,NA,NA,NA,1,0.7,NA,NA,NA,0.430782916092454,NA,NA,NA,0.3,NA,NA,NA,0.559615787935423,NA,NA,NA,-0.7,NA,NA,NA,-2.07944154167984,NA,NA,NA,1,0,1,0,0,0,0,0
NA,497,"Mazik et al., 2007","AH",0,0,0,0,0,1,1,0,0,0,NA,NA,"Infaunal invertebrates","subtidal mudflat",53.73,0.283333,"England","Yes","Created Mudflats","Yes",NA,NA,0,0,0,1,0,"Table 2","7B",2,"km^2",1177,"cm^2","Positive","",NA,2e+06,"m^2",0.1177,"m^2","Coral",3,NA,NA,NA,NA,NA,1994,"9",3,NA,NA,1.5,NA,NA,NA,NA,NA,1,NA,NA,NA,NA,NA,NA,3,NA,NA,NA,NA,NA,1995,"9",1.3,NA,NA,0.3,NA,NA,NA,NA,NA,0.6,NA,NA,"Restoration",NA,NA,NA,NA,1,-1.7,NA,NA,NA,-0.836248024200619,NA,NA,NA,-1.2,NA,NA,NA,-1.6094379124341,NA,NA,NA,-0.4,NA,NA,NA,-0.510825623765991,NA,NA,NA,1,0,1,0,0,0,0,0
NA,497,"Mazik et al., 2007","AH",0,0,0,0,0,1,1,0,0,0,NA,NA,"Infaunal invertebrates","subtidal mudflat",53.73,0.283333,"England","Yes","Created Mudflats","Yes",NA,NA,0,0,0,1,0,"Table 2","1D",2,"km^2",1177,"cm^2","Positive","",NA,2e+06,"m^2",0.1177,"m^2","Coral",3,NA,NA,NA,NA,NA,1994,"9",5.7,NA,NA,1.8,NA,NA,NA,NA,NA,0.7,NA,NA,NA,NA,NA,NA,3,NA,NA,NA,NA,NA,1995,"9",7.7,NA,NA,2.1,NA,NA,NA,NA,NA,0.5,NA,NA,"Restoration",NA,NA,NA,NA,1,2,NA,NA,NA,0.300754154019134,NA,NA,NA,0.3,NA,NA,NA,0.154150679827258,NA,NA,NA,-0.2,NA,NA,NA,-0.336472236621213,NA,NA,NA,1,0,1,0,0,0,0,0
NA,497,"Mazik et al., 2007","AH",0,0,0,0,0,1,1,0,0,0,NA,NA,"Infaunal invertebrates","subtidal mudflat",53.73,0.283333,"England","Yes","Created Mudflats","Yes",NA,NA,0,0,0,1,0,"Table 2","1E",2,"km^2",1177,"cm^2","Positive","",NA,2e+06,"m^2",0.1177,"m^2","Coral",3,NA,NA,NA,NA,NA,1994,"9",2.7,NA,NA,1.2,NA,NA,NA,NA,NA,1,NA,NA,NA,NA,NA,NA,3,NA,NA,NA,NA,NA,1995,"9",5,NA,NA,1,NA,NA,NA,NA,NA,1,NA,NA,"Restoration",NA,NA,NA,NA,1,2.3,NA,NA,NA,0.616186139423817,NA,NA,NA,-0.2,NA,NA,NA,-0.182321556793955,NA,NA,NA,0,NA,NA,NA,0,NA,NA,NA,1,0,1,0,0,0,0,0
NA,497,"Mazik et al., 2007","AH",0,0,0,0,0,1,1,0,0,0,NA,NA,"Infaunal invertebrates","subtidal mudflat",53.73,0.283333,"England","Yes","Created Mudflats","Yes",NA,NA,0,0,0,1,0,"Table 2","2D",2,"km^2",1177,"cm^2","Positive","",NA,2e+06,"m^2",0.1177,"m^2","Coral",3,NA,NA,NA,NA,NA,1994,"9",10,NA,NA,2.1,NA,NA,NA,NA,NA,0.7,NA,NA,NA,NA,NA,NA,3,NA,NA,NA,NA,NA,1995,"9",5,NA,NA,1.5,NA,NA,NA,NA,NA,0.8,NA,NA,"Restoration",NA,NA,NA,NA,1,-5,NA,NA,NA,-0.693147180559945,NA,NA,NA,-0.6,NA,NA,NA,-0.336472236621213,NA,NA,NA,0.1,NA,NA,NA,0.133531392624523,NA,NA,NA,1,0,1,0,0,0,0,0
NA,497,"Mazik et al., 2007","AH",0,0,0,0,0,1,1,0,0,0,NA,NA,"Infaunal invertebrates","subtidal mudflat",53.73,0.283333,"England","Yes","Created Mudflats","Yes",NA,NA,0,0,0,1,0,"Table 2","2E",2,"km^2",1177,"cm^2","Positive","",NA,2e+06,"m^2",0.1177,"m^2","Coral",3,NA,NA,NA,NA,NA,1994,"9",3.7,NA,NA,1.4,NA,NA,NA,NA,NA,0.9,NA,NA,NA,NA,NA,NA,3,NA,NA,NA,NA,NA,1995,"9",6,NA,NA,2.1,NA,NA,NA,NA,NA,0.8,NA,NA,"Restoration",NA,NA,NA,NA,1,2.3,NA,NA,NA,0.483426649577876,NA,NA,NA,0.7,NA,NA,NA,0.405465108108165,NA,NA,NA,-0.1,NA,NA,NA,-0.117783035656383,NA,NA,NA,1,0,1,0,0,0,0,0
NA,497,"Mazik et al., 2007","AH",0,0,0,0,0,1,1,0,0,0,NA,NA,"Infaunal invertebrates","subtidal mudflat",53.73,0.283333,"England","Yes","Created Mudflats","Yes",NA,NA,0,0,0,1,0,"Table 2","2F",2,"km^2",1177,"cm^2","Positive","",NA,2e+06,"m^2",0.1177,"m^2","Coral",3,NA,NA,NA,NA,NA,1994,"9",9,NA,NA,2.6,NA,NA,NA,NA,NA,0.8,NA,NA,NA,NA,NA,NA,3,NA,NA,NA,NA,NA,1995,"9",10.7,NA,NA,2.8,NA,NA,NA,NA,NA,0.7,NA,NA,"Restoration",NA,NA,NA,NA,1,1.7,NA,NA,NA,0.173019164131641,NA,NA,NA,0.2,NA,NA,NA,0.0741079721537218,NA,NA,NA,-0.1,NA,NA,NA,-0.133531392624523,NA,NA,NA,1,0,1,0,0,0,0,0
NA,497,"Mazik et al., 2007","AH",0,0,0,0,0,1,1,0,0,0,NA,NA,"Infaunal invertebrates","subtidal mudflat",53.73,0.283333,"England","Yes","Created Mudflats","Yes",NA,NA,0,0,0,1,0,"Table 2","5C",2,"km^2",1177,"cm^2","Positive","",NA,2e+06,"m^2",0.1177,"m^2","Coral",3,NA,NA,NA,NA,NA,1994,"9",10.3,NA,NA,2.1,NA,NA,NA,NA,NA,0.6,NA,NA,NA,NA,NA,NA,3,NA,NA,NA,NA,NA,1995,"9",8.7,NA,NA,2.4,NA,NA,NA,NA,NA,0.8,NA,NA,"Restoration",NA,NA,NA,NA,1,-1.6,NA,NA,NA,-0.168820869575052,NA,NA,NA,0.3,NA,NA,NA,0.133531392624523,NA,NA,NA,0.2,NA,NA,NA,0.287682072451781,NA,NA,NA,1,0,1,0,0,0,0,0
NA,497,"Mazik et al., 2007","AH",0,0,0,0,0,1,1,0,0,0,NA,NA,"Infaunal invertebrates","subtidal mudflat",53.73,0.283333,"England","Yes","Created Mudflats","Yes",NA,NA,0,0,0,1,0,"Table 2","5D",2,"km^2",1177,"cm^2","Positive","",NA,2e+06,"m^2",0.1177,"m^2","Coral",3,NA,NA,NA,NA,NA,1994,"9",9,NA,NA,2.1,NA,NA,NA,NA,NA,0.7,NA,NA,NA,NA,NA,NA,3,NA,NA,NA,NA,NA,1995,"9",11.7,NA,NA,2.8,NA,NA,NA,NA,NA,0.8,NA,NA,"Restoration",NA,NA,NA,NA,1,2.7,NA,NA,NA,0.262364264467491,NA,NA,NA,0.7,NA,NA,NA,0.287682072451781,NA,NA,NA,0.1,NA,NA,NA,0.133531392624523,NA,NA,NA,1,0,1,0,0,0,0,0
NA,497,"Mazik et al., 2007","AH",0,0,0,0,0,1,1,0,0,0,NA,NA,"Infaunal invertebrates","subtidal mudflat",53.73,0.283333,"England","Yes","Created Mudflats","Yes",NA,NA,0,0,0,1,0,"Table 2","5E",2,"km^2",1177,"cm^2","Positive","",NA,2e+06,"m^2",0.1177,"m^2","Coral",3,NA,NA,NA,NA,NA,1994,"9",9,NA,NA,2,NA,NA,NA,NA,NA,0.7,NA,NA,NA,NA,NA,NA,3,NA,NA,NA,NA,NA,1995,"9",3.3,NA,NA,1.2,NA,NA,NA,NA,NA,0.7,NA,NA,"Restoration",NA,NA,NA,NA,1,-5.7,NA,NA,NA,-1.00330210886378,NA,NA,NA,-0.8,NA,NA,NA,-0.510825623765991,NA,NA,NA,0,NA,NA,NA,0,NA,NA,NA,1,0,1,0,0,0,0,0
NA,497,"Mazik et al., 2007","AH",0,0,0,0,0,1,1,0,0,0,NA,NA,"Infaunal invertebrates","subtidal mudflat",53.73,0.283333,"England","Yes","Created Mudflats","Yes",NA,NA,0,0,0,1,0,"Table 2","7C",2,"km^2",1177,"cm^2","Positive","",NA,2e+06,"m^2",0.1177,"m^2","Coral",3,NA,NA,NA,NA,NA,1994,"9",7.3,NA,NA,2.1,NA,NA,NA,NA,NA,0.7,NA,NA,NA,NA,NA,NA,3,NA,NA,NA,NA,NA,1995,"9",5.7,NA,NA,1.3,NA,NA,NA,NA,NA,0.5,NA,NA,"Restoration",NA,NA,NA,NA,1,-1.6,NA,NA,NA,-0.247408173313841,NA,NA,NA,-0.8,NA,NA,NA,-0.479573080261886,NA,NA,NA,-0.2,NA,NA,NA,-0.336472236621213,NA,NA,NA,1,0,1,0,0,0,0,0
NA,497,"Mazik et al., 2007","AH",0,0,0,0,0,1,1,0,0,0,NA,NA,"Infaunal invertebrates","subtidal mudflat",53.73,0.283333,"England","Yes","Created Mudflats","Yes",NA,NA,0,0,0,1,0,"Table 2","7D",2,"km^2",1177,"cm^2","Positive","",NA,2e+06,"m^2",0.1177,"m^2","Coral",3,NA,NA,NA,NA,NA,1994,"9",9.7,NA,NA,2.7,NA,NA,NA,NA,NA,0.8,NA,NA,NA,NA,NA,NA,3,NA,NA,NA,NA,NA,1995,"9",8,NA,NA,1.6,NA,NA,NA,NA,NA,0.9,NA,NA,"Restoration",NA,NA,NA,NA,1,-1.7,NA,NA,NA,-0.192684343829501,NA,NA,NA,-1.1,NA,NA,NA,-0.523248143764548,NA,NA,NA,0.1,NA,NA,NA,0.117783035656383,NA,NA,NA,1,0,1,0,0,0,0,0
NA,497,"Mazik et al., 2007","AH",0,0,0,0,0,1,1,0,0,0,NA,NA,"Infaunal invertebrates","subtidal mudflat",53.73,0.283333,"England","Yes","Created Mudflats","Yes",NA,NA,0,0,0,1,0,"Table 2","7E",2,"km^2",1177,"cm^2","Positive","",NA,2e+06,"m^2",0.1177,"m^2","Coral",3,NA,NA,NA,NA,NA,1994,"9",7,NA,NA,2,NA,NA,NA,NA,NA,0.7,NA,NA,NA,NA,NA,NA,3,NA,NA,NA,NA,NA,1995,"9",6.3,NA,NA,2.4,NA,NA,NA,NA,NA,0.7,NA,NA,"Restoration",NA,NA,NA,NA,1,-0.7,NA,NA,NA,-0.105360515657826,NA,NA,NA,0.4,NA,NA,NA,0.182321556793955,NA,NA,NA,0,NA,NA,NA,0,NA,NA,NA,1,0,1,0,0,0,0,0
NA,557,"Marchini et al., 2004","AH",0,0,0,0,0,1,1,0,0,0,NA,NA,"macrobenthic inverts","estuarine mudflat",44.81,12.45,"Italy","Yes","Canal Building",NA,NA,NA,0,0,0,1,0,"Figure 2","8",80,"km^2",750,"cm^2","Uncertain","Positive from new habitat/new invaders?",NA,8e+07,"m^2",0.075,"m^2","Coral",3,NA,NA,NA,NA,NA,2000,"1",8.7,NA,NA,1.5,NA,NA,NA,NA,NA,0.6,NA,NA,NA,NA,NA,NA,3,NA,NA,NA,NA,NA,2001,"1",21.5,NA,NA,2.4,NA,NA,NA,NA,NA,0.73,NA,NA,"Canal",NA,NA,NA,NA,1,12.8,NA,NA,NA,0.904729909473079,NA,NA,NA,0.9,NA,NA,NA,0.470003629245735,NA,NA,NA,0.13,NA,NA,NA,0.196114878926291,NA,NA,NA,1,0,1,0,0,0,0,0
NA,557,"Marchini et al., 2004","AH",0,0,0,0,0,1,1,0,0,0,NA,NA,"macrobenthic inverts","estuarine mudflat",44.81,12.45,"Italy","Yes","Canal Building",NA,NA,NA,0,0,0,1,0,"Figure 2","B",80,"km^2",750,"cm^2","Uncertain","Positive from new habitat/new invaders?",NA,8e+07,"m^2",0.075,"m^2","Coral",3,NA,NA,NA,NA,NA,2000,"1",17.6,NA,NA,2.4,NA,NA,NA,NA,NA,0.8,NA,NA,NA,NA,NA,NA,3,NA,NA,NA,NA,NA,2001,"1",25.5,NA,NA,2.3,NA,NA,NA,NA,NA,0.68,NA,NA,"Canal",NA,NA,NA,NA,1,7.9,NA,NA,NA,0.370779550120274,NA,NA,NA,-0.1,NA,NA,NA,-0.042559614418796,NA,NA,NA,-0.12,NA,NA,NA,-0.162518929497775,NA,NA,NA,1,0,1,0,0,0,0,0
NA,557,"Marchini et al., 2004","AH",0,0,0,0,0,1,1,0,0,0,NA,NA,"macrobenthic inverts","estuarine mudflat",44.81,12.45,"Italy","Yes","Canal Building",NA,NA,NA,0,0,0,1,0,"Figure 2","C",80,"km^2",750,"cm^2","Uncertain","Positive from new habitat/new invaders?",NA,8e+07,"m^2",0.075,"m^2","Coral",3,NA,NA,NA,NA,NA,2000,"1",30.8,NA,NA,2.7,NA,NA,NA,NA,NA,0.7,NA,NA,NA,NA,NA,NA,3,NA,NA,NA,NA,NA,2001,"1",27.3,NA,NA,2.5,NA,NA,NA,NA,NA,0.75,NA,NA,"Canal",NA,NA,NA,NA,1,-3.5,NA,NA,NA,-0.120627987788615,NA,NA,NA,-0.2,NA,NA,NA,-0.0769610411361284,NA,NA,NA,0.05,NA,NA,NA,0.0689928714869514,NA,NA,NA,1,0,1,0,0,0,0,0
NA,557,"Marchini et al., 2004","AH",0,0,0,0,0,1,1,0,0,0,NA,NA,"macrobenthic inverts","estuarine mudflat",44.81,12.45,"Italy","Yes","Canal Building",NA,NA,NA,0,0,0,1,0,"Figure 2","D",80,"km^2",750,"cm^2","Uncertain","Positive from new habitat/new invaders?",NA,8e+07,"m^2",0.075,"m^2","Coral",3,NA,NA,NA,NA,NA,2000,"1",21.8,NA,NA,1.6,NA,NA,NA,NA,NA,0.5,NA,NA,NA,NA,NA,NA,3,NA,NA,NA,NA,NA,2001,"1",26.5,NA,NA,2.2,NA,NA,NA,NA,NA,0.66,NA,NA,"Canal",NA,NA,NA,NA,1,4.7,NA,NA,NA,0.195234763197133,NA,NA,NA,0.6,NA,NA,NA,0.318453731118535,NA,NA,NA,0.16,NA,NA,NA,0.27763173659828,NA,NA,NA,1,0,1,0,0,0,0,0
NA,557,"Marchini et al., 2004","AH",0,0,0,0,0,1,1,0,0,0,NA,NA,"macrobenthic inverts","estuarine mudflat",44.81,12.45,"Italy","Yes","Canal Building",NA,NA,NA,0,0,0,1,0,"Figure 2","E",80,"km^2",750,"cm^2","Uncertain","Positive from new habitat/new invaders?",NA,8e+07,"m^2",0.075,"m^2","Coral",3,NA,NA,NA,NA,NA,2000,"1",19.7,NA,NA,2.4,NA,NA,NA,NA,NA,0.7,NA,NA,NA,NA,NA,NA,3,NA,NA,NA,NA,NA,2001,"1",23.3,NA,NA,1.7,NA,NA,NA,NA,NA,0.57,NA,NA,"Canal",NA,NA,NA,NA,1,3.6,NA,NA,NA,0.167834724827712,NA,NA,NA,-0.7,NA,NA,NA,-0.344840486291729,NA,NA,NA,-0.13,NA,NA,NA,-0.205443974214809,NA,NA,NA,1,0,1,0,0,0,0,0
NA,557,"Marchini et al., 2004","AH",0,0,0,0,0,1,1,0,0,0,NA,NA,"macrobenthic inverts","estuarine mudflat",44.81,12.45,"Italy","Yes","Canal Building",NA,NA,NA,0,0,0,1,0,"Figure 2","G",80,"km^2",750,"cm^2","Uncertain","Positive from new habitat/new invaders?",NA,8e+07,"m^2",0.075,"m^2","Coral",3,NA,NA,NA,NA,NA,2000,"1",23.4,NA,NA,2.2,NA,NA,NA,NA,NA,0.6,NA,NA,NA,NA,NA,NA,3,NA,NA,NA,NA,NA,2001,"1",31.3,NA,NA,2.7,NA,NA,NA,NA,NA,0.75,NA,NA,"Canal",NA,NA,NA,NA,1,7.9,NA,NA,NA,0.290882075182452,NA,NA,NA,0.5,NA,NA,NA,0.204794412646013,NA,NA,NA,0.15,NA,NA,NA,0.22314355131421,NA,NA,NA,1,0,1,0,0,0,0,0
NA,557,"Marchini et al., 2004","AH",0,0,0,0,0,1,1,0,0,0,NA,NA,"macrobenthic inverts","estuarine mudflat",44.81,12.45,"Italy","Yes","Canal Building",NA,NA,NA,0,0,0,1,0,"Figure 2","H",80,"km^2",750,"cm^2","Uncertain","Positive from new habitat/new invaders?",NA,8e+07,"m^2",0.075,"m^2","Coral",3,NA,NA,NA,NA,NA,2000,"1",6.8,NA,NA,1.3,NA,NA,NA,NA,NA,0.7,NA,NA,NA,NA,NA,NA,3,NA,NA,NA,NA,NA,2001,"1",27.3,NA,NA,2.2,NA,NA,NA,NA,NA,0.64,NA,NA,"Canal",NA,NA,NA,NA,1,20.5,NA,NA,NA,1.38996409000885,NA,NA,NA,0.9,NA,NA,NA,0.526093095896779,NA,NA,NA,-0.0599999999999999,NA,NA,NA,-0.089612158689687,NA,NA,NA,1,0,1,0,0,0,0,0
NA,557,"Marchini et al., 2004","AH",0,0,0,0,0,1,1,0,0,0,NA,NA,"macrobenthic inverts","estuarine mudflat",44.81,12.45,"Italy","Yes","Canal Building",NA,NA,NA,0,0,0,1,0,"Figure 2","I",80,"km^2",750,"cm^2","Uncertain","Positive from new habitat/new invaders?",NA,8e+07,"m^2",0.075,"m^2","Coral",3,NA,NA,NA,NA,NA,2000,"1",23.4,NA,NA,2.6,NA,NA,NA,NA,NA,0.8,NA,NA,NA,NA,NA,NA,3,NA,NA,NA,NA,NA,2001,"1",30.2,NA,NA,2.3,NA,NA,NA,NA,NA,0.64,NA,NA,"Canal",NA,NA,NA,NA,1,6.8,NA,NA,NA,0.255105902017168,NA,NA,NA,-0.3,NA,NA,NA,-0.122602322092333,NA,NA,NA,-0.16,NA,NA,NA,-0.22314355131421,NA,NA,NA,1,0,1,0,0,0,0,0
NA,557,"Marchini et al., 2004","AH",0,0,0,0,0,1,1,0,0,0,NA,NA,"macrobenthic inverts","estuarine mudflat",44.81,12.45,"Italy","Yes","Canal Building",NA,NA,NA,0,0,0,1,0,"Figure 2","N",80,"km^2",750,"cm^2","Uncertain","Positive from new habitat/new invaders?",NA,8e+07,"m^2",0.075,"m^2","Coral",3,NA,NA,NA,NA,NA,2000,"1",18.6,NA,NA,1.7,NA,NA,NA,NA,NA,0.6,NA,NA,NA,NA,NA,NA,3,NA,NA,NA,NA,NA,2001,"1",27.3,NA,NA,2.6,NA,NA,NA,NA,NA,0.78,NA,NA,"Canal",NA,NA,NA,NA,1,8.7,NA,NA,NA,0.383725121471759,NA,NA,NA,0.9,NA,NA,NA,0.424883193965266,NA,NA,NA,0.18,NA,NA,NA,0.262364264467491,NA,NA,NA,1,0,1,0,0,0,0,0
NA,557,"Marchini et al., 2004","AH",0,0,0,0,0,1,1,0,0,0,NA,NA,"macrobenthic inverts","estuarine mudflat",44.81,12.45,"Italy","Yes","Canal Building",NA,NA,NA,0,0,0,1,0,"Figure 2","O",80,"km^2",750,"cm^2","Uncertain","Positive from new habitat/new invaders?",NA,8e+07,"m^2",0.075,"m^2","Coral",3,NA,NA,NA,NA,NA,2000,"1",23.4,NA,NA,2.4,NA,NA,NA,NA,NA,0.7,NA,NA,NA,NA,NA,NA,3,NA,NA,NA,NA,NA,2001,"1",26.3,NA,NA,2.5,NA,NA,NA,NA,NA,0.78,NA,NA,"Canal",NA,NA,NA,NA,1,2.9,NA,NA,NA,0.116832916820063,NA,NA,NA,0.1,NA,NA,NA,0.0408219945202552,NA,NA,NA,0.0800000000000001,NA,NA,NA,0.108213584640233,NA,NA,NA,1,0,1,0,0,0,0,0
NA,557,"Marchini et al., 2004","AH",0,0,0,0,0,1,1,0,0,0,NA,NA,"macrobenthic inverts","estuarine mudflat",44.81,12.45,"Italy","Yes","Canal Building",NA,NA,NA,0,0,0,1,0,"Figure 2","P",80,"km^2",750,"cm^2","Uncertain","Positive from new habitat/new invaders?",NA,8e+07,"m^2",0.075,"m^2","Coral",3,NA,NA,NA,NA,NA,2000,"1",7.6,NA,NA,1.5,NA,NA,NA,NA,NA,0.7,NA,NA,NA,NA,NA,NA,3,NA,NA,NA,NA,NA,2001,"1",23.3,NA,NA,1.5,NA,NA,NA,NA,NA,0.45,NA,NA,"Canal",NA,NA,NA,NA,1,15.7,NA,NA,NA,1.12030511327937,NA,NA,NA,0,NA,NA,NA,0,NA,NA,NA,-0.25,NA,NA,NA,-0.441832752279039,NA,NA,NA,1,0,1,0,0,0,0,0
NA,557,"Marchini et al., 2004","AH",0,0,0,0,0,1,1,0,0,0,NA,NA,"macrobenthic inverts","estuarine mudflat",44.81,12.45,"Italy","Yes","Canal Building",NA,NA,NA,0,0,0,1,0,"Figure 2","Q",80,"km^2",750,"cm^2","Uncertain","Positive from new habitat/new invaders?",NA,8e+07,"m^2",0.075,"m^2","Coral",3,NA,NA,NA,NA,NA,2000,"1",29.7,NA,NA,2.6,NA,NA,NA,NA,NA,0.7,NA,NA,NA,NA,NA,NA,3,NA,NA,NA,NA,NA,2001,"1",31.3,NA,NA,2.6,NA,NA,NA,NA,NA,0.73,NA,NA,"Canal",NA,NA,NA,NA,1,1.6,NA,NA,NA,0.0524710517374536,NA,NA,NA,0,NA,NA,NA,0,NA,NA,NA,0.03,NA,NA,NA,0.0419641990990322,NA,NA,NA,1,0,1,0,0,0,0,0
NA,596,"Sano, 2001","AH",0,0,0,1,0,0,0,0,0,0,NA,NA,"coral fish","coral reef",24.33,123.7,"Japan","Yes","Algal Bloom","Yes",NA,NA,1,0,0,0,0,"Figure 2, 5","Algal",1.4,"ha",20,"m^2","Uncertain","",NA,14000,"m^2",20,"m^2","Mixed inverts",5,NA,NA,NA,NA,NA,1997,"10",15,1.6,"SD",NA,NA,NA,NA,NA,NA,NA,NA,NA,1.6,NA,NA,NA,5,NA,NA,NA,NA,NA,1999,"10",16,1.6,"SD",NA,NA,NA,NA,NA,NA,NA,NA,NA,"Algal Bloom",1.6,NA,NA,NA,2,1,1.024,0.564189583547756,0.41591549430919,0.0645385211375712,0.00427555555555556,0.564189583547756,0.423648043698026,NA,NA,NA,NA,NA,NA,NA,NA,NA,NA,NA,NA,NA,NA,NA,NA,1,1,0,0,1,1,0,0
NA,596,"Sano, 2001","AH",0,0,0,1,0,0,0,0,0,0,NA,NA,"coral fish","coral reef",24.33,123.7,"Japan","Yes","Algal Bloom","Yes",NA,NA,1,0,0,0,0,"Figure 2, 5","Rubble",1.4,"ha",20,"m^2","Uncertain","",NA,14000,"m^2",20,"m^2","Mixed inverts",5,NA,NA,NA,NA,NA,1997,"10",12.1,1.4,"SD",NA,NA,NA,NA,NA,NA,NA,NA,NA,1.4,NA,NA,NA,5,NA,NA,NA,NA,NA,1999,"10",13.2,1.2,"SD",NA,NA,NA,NA,NA,NA,NA,NA,NA,"Algal Bloom",1.2,NA,NA,NA,2,1.1,0.68,0.761576037470173,0.428999903042439,0.0870113769896297,0.00433030530701455,0.761576037470173,0.437666661216688,NA,NA,NA,NA,NA,NA,NA,NA,NA,NA,NA,NA,NA,NA,NA,NA,1,1,0,0,1,1,0,0
NA,463,"Kraan et al 2007","MH",0,0,0,0,1,1,1,0,0,0,1,"mm","All types of macrozoobenthic animals","subtidal mudflat",53.5333,6.8833,"Wadden Sea","Yes","Dredging",NA,NA,"Compares sites affected or not affected by cockle drilling.  I kept these sites separate. Data from figure is means with no error because it is a box plot",0,0,0,1,0,"Fig 3","Dredged",170,"km^2",0.018,"m^2","Negative","",NA,1.7e+08,"m^2",0.018,"m^2","Coral",342,2,NA,NA,NA,NA,1998,NA,5.072463768,NA,NA,NA,NA,NA,NA,NA,NA,NA,NA,NA,NA,NA,NA,NA,197,2,NA,NA,NA,NA,2002,NA,5,NA,NA,NA,NA,NA,NA,NA,NA,NA,NA,NA,"Dredging",NA,NA,NA,NA,4,-0.0724637680000004,NA,NA,NA,-0.0143887374292425,NA,NA,NA,NA,NA,NA,NA,NA,NA,NA,NA,NA,NA,NA,NA,NA,NA,NA,NA,1,0,0,0,0,0,0,0
NA,621,"Williams and Zedler 1999","ARW",0,0,0,1,0,0,0,0,0,0,3,"mm","various fish","salt marsh",32.633333,-117.1,"Sweetwater Marsh National Wildlife Refuge San Diego, CA","Yes","Constructed Marsh","Yes",NA,"There is also relative spp composition....include?",0,1,0,0,0,"Table 2","San Diego, CA",128,"ha",5301.4,"m^3","Positive","",NA,1280000,"m^2",5301.4,"m^3","Mixed inverts",3,NA,NA,NA,NA,NA,1989,"1",10,NA,NA,NA,NA,NA,NA,NA,NA,NA,NA,NA,NA,NA,NA,NA,4,NA,NA,NA,NA,NA,1996,"1",11,NA,NA,NA,NA,NA,NA,NA,NA,NA,NA,NA,"Restoration",NA,NA,NA,NA,7,1,NA,NA,NA,0.0953101798043249,NA,NA,NA,NA,NA,NA,NA,NA,NA,NA,NA,NA,NA,NA,NA,NA,NA,NA,NA,1,0,0,0,0,0,0,0
NA,363,"Svensson et al. 2009","TI",0,0,0,1,0,0,0,0,0,0,NA,NA,"fish greater than 15 cms in length","coral reef",12.655,109.396389,"Whale island resort, Vietnam","Yes","Hotel managed marine reserve in 2001 (WIB) and another site in 2005 (WIBP)","Yes",NA,"protection in WIB was not successful for the 1st 2 years.  plot size is length* depth",1,0,0,0,0,"fig 3","Control1 50 *9 m transects",NA,NA,450,"m^2","Positive","",NA,NA,NA,450,"m^2","Mixed inverts",1,NA,NA,NA,NA,NA,2005,"10",4.124179707,0.888440182,"SE",NA,NA,NA,NA,NA,NA,NA,NA,NA,0.888440182,NA,NA,NA,1,NA,NA,NA,NA,NA,2006,"10",10.43917214,1.781928319,"SE",NA,NA,NA,NA,NA,NA,NA,NA,NA,"MPA",1.781928319,NA,NA,NA,1,6.314992433,3.96459449104636,NA,NA,0.92869814127296,0.075543992623086,NA,NA,NA,NA,NA,NA,NA,NA,NA,NA,NA,NA,NA,NA,NA,NA,NA,NA,1,1,0,0,0,0,0,0
NA,363,"Svensson et al. 2009","TI",0,0,0,1,0,0,0,0,0,0,NA,NA,"fish greater than 15 cms in length","coral reef",12.655,109.396389,"Whale island resort, Vietnam","Yes","Hotel managed marine reserve in 2001 (WIB) and another site in 2005 (WIBP)","Yes",NA,"protection in WIB was not successful for the 1st 2 years.  plot size is length* depth",1,0,0,0,0,"fig 3","Control1 50 *3 m transects",NA,NA,150,"m^2","Positive","",NA,NA,NA,150,"m^2","Mixed inverts",1,NA,NA,NA,NA,NA,2005,"10",18.75820293,2.332155477,"SE",NA,NA,NA,NA,NA,NA,NA,NA,NA,2.332155477,NA,NA,NA,1,NA,NA,NA,NA,NA,2006,"10",21.40333165,3.669863705,"SE",NA,NA,NA,NA,NA,NA,NA,NA,NA,"MPA",3.669863705,NA,NA,NA,1,2.64512872,18.9068487821774,NA,NA,0.131915448143911,0.0448565690331962,NA,NA,NA,NA,NA,NA,NA,NA,NA,NA,NA,NA,NA,NA,NA,NA,NA,NA,1,1,0,0,0,0,0,0
NA,363,"Svensson et al. 2009","TI",0,0,0,1,0,0,0,0,0,0,NA,NA,"fish greater than 15 cms in length","coral reef",12.655,109.396389,"Whale island resort, Vietnam","Yes","Hotel managed marine reserve in 2001 (WIB) and another site in 2005 (WIBP)","Yes",NA,"protection in WIB was not successful for the 1st 2 years.  plot size is length* depth",1,0,0,0,0,"fig 3","Control2 50*9m transects",NA,NA,450,"m^2","Positive","",NA,NA,NA,450,"m^2","Mixed inverts",1,NA,NA,NA,NA,NA,2005,"10",2.468450278,0,"SE",NA,NA,NA,NA,NA,NA,NA,NA,NA,0,NA,NA,NA,1,NA,NA,NA,NA,NA,2006,"10",4.008076729,0.777385159,"SE",NA,NA,NA,NA,NA,NA,NA,NA,NA,"MPA",0.777385159,NA,NA,NA,1,1.539626451,0.604327685433455,NA,NA,0.484720971644199,0.0376184101137357,NA,NA,NA,NA,NA,NA,NA,NA,NA,NA,NA,NA,NA,NA,NA,NA,NA,NA,1,1,0,0,0,0,0,0
NA,363,"Svensson et al. 2009","TI",0,0,0,1,0,0,0,0,0,0,NA,NA,"fish greater than 15 cms in length","coral reef",12.655,109.396389,"Whale island resort, Vietnam","Yes","Hotel managed marine reserve in 2001 (WIB) and another site in 2005 (WIBP)","Yes",NA,"protection in WIB was not successful for the 1st 2 years.  plot size is length* depth",1,0,0,0,0,"fig 3","Control2 50*3 m transect",NA,NA,150,"m^2","Positive","",NA,NA,NA,150,"m^2","Mixed inverts",1,NA,NA,NA,NA,NA,2005,"10",16.54719838,1.670873296,"SE",NA,NA,NA,NA,NA,NA,NA,NA,NA,1.670873296,NA,NA,NA,1,NA,NA,NA,NA,NA,2006,"10",15.75971731,1.22160525,"SE",NA,NA,NA,NA,NA,NA,NA,NA,NA,"MPA",1.22160525,NA,NA,NA,1,-0.787481070000002,4.28413695811347,NA,NA,-0.048759658231882,0.0162046783359105,NA,NA,NA,NA,NA,NA,NA,NA,NA,NA,NA,NA,NA,NA,NA,NA,NA,NA,1,1,0,0,0,0,0,0
NA,363,"Svensson et al. 2009","TI",0,0,0,1,0,0,0,0,0,0,NA,NA,"fish greater than 15 cms in length","coral reef",12.655,109.396389,"Whale island resort, Vietnam","Yes","Hotel managed marine reserve in 2001 (WIB) and another site in 2005 (WIBP)","Yes",NA,"protection in WIB was not successful for the 1st 2 years.  plot size is length* depth",1,0,0,0,0,"fig 3","WIBP 50*9 m transect",NA,NA,450,"m^2","Positive","",NA,NA,NA,450,"m^2","Mixed inverts",1,NA,NA,NA,NA,NA,2005,"10",6.264512872,0.777385159,"SE",NA,NA,NA,NA,NA,NA,NA,NA,NA,0.777385159,NA,NA,NA,1,NA,NA,NA,NA,NA,2006,"10",6.138313983,0.999495204,"SE",NA,NA,NA,NA,NA,NA,NA,NA,NA,"MPA",0.999495204,NA,NA,NA,1,-0.126198889,1.60331834825246,NA,NA,-0.0203507226061629,0.0419124561198306,NA,NA,NA,NA,NA,NA,NA,NA,NA,NA,NA,NA,NA,NA,NA,NA,NA,NA,1,1,0,0,0,0,0,0
NA,363,"Svensson et al. 2009","TI",0,0,0,1,0,0,0,0,0,0,NA,NA,"fish greater than 15 cms in length","coral reef",12.655,109.396389,"Whale island resort, Vietnam","Yes","Hotel managed marine reserve in 2001 (WIB) and another site in 2005 (WIBP)","Yes",NA,"protection in WIB was not successful for the 1st 2 years.  plot size is length* depth",1,0,0,0,0,"fig 3","WIBP 50*3 m transect",NA,NA,150,"m^2","Positive","",NA,NA,NA,150,"m^2","Mixed inverts",1,NA,NA,NA,NA,NA,2005,"10",21.33770823,2.115093387,"SE",NA,NA,NA,NA,NA,NA,NA,NA,NA,2.115093387,NA,NA,NA,1,NA,NA,NA,NA,NA,2006,"10",29.545684,2.448258455,"SE",NA,NA,NA,NA,NA,NA,NA,NA,NA,"MPA",2.448258455,NA,NA,NA,1,8.20797577,10.4675894982101,NA,NA,0.325461828706895,0.0166920589079196,NA,NA,NA,NA,NA,NA,NA,NA,NA,NA,NA,NA,NA,NA,NA,NA,NA,NA,1,1,0,0,0,0,0,0
NA,363,"Svensson et al. 2009","TI",0,0,0,1,0,0,0,0,0,0,NA,NA,"fish greater than 15 cms in length","coral reef",12.655,109.396389,"Whale island resort, Vietnam","Yes","Hotel managed marine reserve in 2001 (WIB) and another site in 2005 (WIBP)","Yes",NA,"protection in WIB was not successful for the 1st 2 years.  ",1,0,0,0,0,"fig 3","WIB 50*9m transects",NA,NA,450,"m^2","Positive","",NA,NA,NA,450,"m^2","Mixed inverts",1,NA,NA,NA,NA,NA,2005,"10",13.26602726,2.104997476,"SE",NA,NA,NA,NA,NA,NA,NA,NA,NA,2.104997476,NA,NA,NA,1,NA,NA,NA,NA,NA,2006,"10",19.35890964,4.563351843,"SE",NA,NA,NA,NA,NA,NA,NA,NA,NA,"MPA",4.563351843,NA,NA,NA,1,6.09288238,25.2551944169779,NA,NA,0.37794633403607,0.0807436240919474,NA,NA,NA,NA,NA,NA,NA,NA,NA,NA,NA,NA,NA,NA,NA,NA,NA,NA,1,1,0,0,0,0,0,0
NA,363,"Svensson et al. 2009","TI",0,0,0,1,0,0,0,0,0,0,NA,NA,"fish greater than 15 cms in length","coral reef",12.655,109.396389,"Whale island resort, Vietnam","Yes","Hotel managed marine reserve in 2001 (WIB) and another site in 2005 (WIBP)","Yes",NA,"protection in WIB was not successful for the 1st 2 years.  plot size is length* depth",1,0,0,0,0,"fig 3","WIB 50*3m transects",NA,NA,150,"m^2","Positive","",NA,NA,NA,150,"m^2","Mixed inverts",1,NA,NA,NA,NA,NA,2005,"10",38.67238768,2.00908632,"SE",NA,NA,NA,NA,NA,NA,NA,NA,NA,2.00908632,NA,NA,NA,1,NA,NA,NA,NA,NA,2006,"10",49.091368,1.908127208,"SE",NA,NA,NA,NA,NA,NA,NA,NA,NA,"MPA",1.908127208,NA,NA,NA,1,10.41898032,7.67737728312102,NA,NA,0.238557366129363,0.00420974333121483,NA,NA,NA,NA,NA,NA,NA,NA,NA,NA,NA,NA,NA,NA,NA,NA,NA,NA,1,1,0,0,0,0,0,0
NA,365,"Hudson et al 2008","AH",1,0,0,0,0,0,0,0,0,0,NA,NA,"scleractinian corals","coral reef",24.528,-81.77,"Key Largo, FL","Yes",NA,NA,NA,"T1 years between 2005-2007",1,0,0,0,0,"Table 3","Reference",30,"m",5,"m",NA,NA,NA,30,"m",5,"m","Mixed",1,NA,NA,NA,NA,NA,2005,NA,13,NA,NA,1.92,NA,NA,NA,NA,NA,NA,NA,NA,NA,NA,NA,NA,1,NA,NA,NA,NA,NA,2007,NA,10,NA,NA,1.49,NA,NA,NA,NA,NA,NA,NA,NA,NA,NA,NA,NA,NA,2,-3,NA,NA,NA,-0.262364264467491,NA,NA,NA,-0.43,NA,NA,NA,-0.253549066082322,NA,NA,NA,NA,NA,NA,NA,NA,NA,NA,NA,1,0,1,0,0,0,0,0
NA,424,"Zedler and West 2008","MH",0,1,0,0,0,0,0,0,0,0,NA,NA,"salt marsh plants","salt marsh",32.57,-117.13,"Tijuana Bay Estuary, San Diego California","Yes","Tidal restriction (1984), tidal restoration (1997)","Yes","1984, 1997","Storm created a cesation in tidal flushing from April to December of 1984.  Complete tidal flow was not restored until 1997. Data at T1 is from another study but same measurements taken.",1,0,0,0,0,"Table 4","Natural",NA,NA,0.25,"m^2",NA,NA,NA,NA,NA,0.25,"m^2","Phytoplankton",191,NA,NA,NA,NA,NA,1974,NA,4.23,0.12,"SE",1.772,NA,NA,NA,NA,NA,NA,NA,NA,1.65843299533023,NA,NA,NA,77,NA,NA,NA,NA,NA,2004,NA,3.87,0.14,"SE",1.596,NA,NA,NA,NA,NA,NA,NA,NA,NA,1.2284950142349,NA,NA,NA,30,-0.36,0.034,-0.231927484676768,0.0183229702270533,-0.0889474860164962,0.00211347052852822,-0.245983228496689,0.0161454395860194,-0.176,NA,NA,NA,-0.104608353155272,NA,NA,NA,NA,NA,NA,NA,NA,NA,NA,NA,1,1,1,0,1,1,0,0
"JD",298,"Moreira et al 2010","JD",0,0,0,0,1,1,1,0,0,0,0.5,"mm","benthic polychaetes, molluscs, crustaceans","subtidal mudflat",42.121944,-8.845833,"Ensenada de Baiona","Yes","Harbour breakwater built","Yes","1970","In the 70's a breakwater was built and was assumed to change the sediment particle size. Recorded as 1970 because not date given. Mesh size because samples were filtered after van veen grab. Number of individuals is an average (rounded down)",0,0,0,1,0,"Figure 3","No name",0.28,"m^2",0.056,"m^2","Negative","",1970,0.28,"m^2",0.056,"m^2","Coral",5,1,211.3978495,16.15739442,"SD",NA,1996,"3",26.42633229,0.226600985,"SE",3.216356919,0.226600985,"SE",NA,NA,NA,0.695344907,0.026987952,"SE",0.50669520622841,0.50669520622841,NA,0.0603468952455014,5,1,"125.5913978",10.77159628,"SD",NA,1997,"3",22.6645768,1.630094044,"SE",3.423239476,0.128064823,"SE",NA,NA,NA,0.768600662,0.032773826,"SE","Coastal Modification",3.64500109210153,0.286361649754479,NA,0.07328450281875,1,-3.76175549,2.70855459868724,-1.30495882346068,0.485145876546394,-0.153557736014239,0.0052463799747964,-1.30495882346068,0.574442363932032,0.206882557,0.0677486052929916,0.453783538960077,0.410295975011557,0.0623379905191927,0.00636312045181204,0.453783538960077,0.420714643242086,0.073255755,0.00180247322383258,0.985104674165056,0.448521560953092,0.10016354790787,0.00332464309237035,0.985104674165056,0.458679098912647,1,1,1,1,1,1,1,1
"JD",300,"Ibarra-Obando et al 2009","JD",0,1,0,0,0,0,0,0,0,0,NA,NA,"grasses","salt marsh",31.718308,-116.65103,"Estero de Punta Bandera, Mexico","Yes","Salt marsh diked and cut off from tidal influx","Yes","1983","Comparison between tidal marsh area and a non-tidal area that has been cut off from the ocean. Percent covers of all species are included but they are averages over all the sites",1,0,0,0,0,"Table 1","Non-tidal",8.95,"km^2",0.25,"m^2","Negative","",1983,8950000,"m^2",0.25,"m^2","Phytoplankton",20,1,NA,NA,NA,NA,1985,"9",8,NA,NA,3.626,NA,NA,NA,NA,NA,NA,NA,NA,NA,NA,NA,NA,20,1,NA,NA,NA,NA,2007,"2",4,NA,NA,3.158,NA,NA,NA,NA,NA,NA,NA,NA,"Coastal Modification",NA,NA,NA,NA,22,-4,NA,NA,NA,-0.693147180559945,NA,NA,NA,-0.468,NA,NA,NA,-0.138191196499209,NA,NA,NA,NA,NA,NA,NA,NA,NA,NA,NA,1,0,1,0,0,0,0,0
"JD",303,"Birchenough et al, 2010","JD",0,0,0,0,1,1,1,0,0,0,NA,NA,"mussels, crabs, polychaetes","subtidal mudflat",50.6179,-0.390931,"Owers Bank, English Channel","Yes","Aggregate extraction site","Yes","2003, 2004","Current aggregate extraction. Not stated when originally began.",0,0,0,1,0,"Figure 6","I1",NA,NA,0.1,"m^2","Negative","",NA,NA,NA,0.1,"m^2","Coral",1,1,47.62589928,3.45323741,NA,NA,2003,NA,30.64102564,3.58974359,NA,NA,NA,NA,NA,NA,NA,NA,NA,NA,NA,NA,NA,NA,1,1,"70.07194245",3.45323741,NA,NA,2004,NA,36.92307692,2.692307692,NA,NA,NA,NA,NA,NA,NA,NA,NA,NA,"Extraction",NA,NA,NA,NA,1,6.28205128,NA,NA,NA,0.186496928154575,NA,NA,NA,NA,NA,NA,NA,NA,NA,NA,NA,NA,NA,NA,NA,NA,NA,NA,NA,1,0,0,0,0,0,0,0
"JD",303,"Birchenough et al, 2010","JD",0,0,0,0,1,1,1,0,0,0,NA,NA,"mussels, crabs, polychaetes","subtidal mudflat",50.6179,-0.390931,"Owers Bank, English Channel","Yes","Aggregate extraction site","Yes","2003, 2004","Current aggregate extraction. Not stated when originally began.",0,0,0,1,0,"Figure 6","I2",NA,NA,0.1,"m^2","Negative","",NA,NA,NA,0.1,"m^2","Coral",1,1,22.58992806,8.633093525,NA,NA,2003,NA,5.961538462,8.525641026,NA,NA,NA,NA,NA,NA,NA,NA,NA,NA,NA,NA,NA,NA,1,1,"60.57553957",8.633093525,NA,NA,2004,NA,39.61538462,8.076923077,NA,NA,NA,NA,NA,NA,NA,NA,NA,NA,"Extraction",NA,NA,NA,NA,1,33.653846158,NA,NA,NA,1.89388896434352,NA,NA,NA,NA,NA,NA,NA,NA,NA,NA,NA,NA,NA,NA,NA,NA,NA,NA,NA,1,0,0,0,0,0,0,0
"JD",303,"Birchenough et al, 2010","JD",0,0,0,0,1,1,1,0,0,0,NA,NA,"mussels, crabs, polychaetes","subtidal mudflat",50.6179,-0.390931,"Owers Bank, English Channel","Yes","Aggregate extraction site","Yes","2003, 2004","Current aggregate extraction. Not stated when originally began.",0,0,0,1,0,"Figure 6","I3",NA,NA,0.1,"m^2","Negative","",NA,NA,NA,0.1,"m^2","Coral",1,1,75.25179856,9.496402878,NA,NA,2003,NA,36.92307692,9.423076923,NA,NA,NA,NA,NA,NA,NA,NA,NA,NA,NA,NA,NA,NA,1,1,"17.41007194",1.726618705,NA,NA,2004,NA,16.73076923,0.448717949,NA,NA,NA,NA,NA,NA,NA,NA,NA,NA,"Extraction",NA,NA,NA,NA,1,-20.19230769,NA,NA,NA,-0.791587253335842,NA,NA,NA,NA,NA,NA,NA,NA,NA,NA,NA,NA,NA,NA,NA,NA,NA,NA,NA,1,0,0,0,0,0,0,0
"JD",303,"Birchenough et al, 2010","JD",0,0,0,0,1,1,1,0,0,0,NA,NA,"mussels, crabs, polychaetes","subtidal mudflat",50.6179,-0.390931,"Owers Bank, English Channel","Yes","Aggregate extraction site","Yes","2003, 2004","Current aggregate extraction. Not stated when originally began.",0,0,0,1,0,"Figure 6","I4",NA,NA,0.1,"m^2","Negative","",NA,NA,NA,0.1,"m^2","Coral",1,1,58.84892086,2.589928058,NA,NA,2003,NA,40.96153846,1.794871795,NA,NA,NA,NA,NA,NA,NA,NA,NA,NA,NA,NA,NA,NA,1,1,"14.82014388",3.45323741,NA,NA,2004,NA,8.653846154,3.141025641,NA,NA,NA,NA,NA,NA,NA,NA,NA,NA,"Extraction",NA,NA,NA,NA,1,-32.307692306,NA,NA,NA,-1.55462967588377,NA,NA,NA,NA,NA,NA,NA,NA,NA,NA,NA,NA,NA,NA,NA,NA,NA,NA,NA,1,0,0,0,0,0,0,0
"JD",303,"Birchenough et al, 2010","JD",0,0,0,0,1,1,1,0,0,0,NA,NA,"mussels, crabs, polychaetes","subtidal mudflat",50.6179,-0.390931,"Owers Bank, English Channel","Yes","Aggregate extraction site","Yes","2003, 2004","Current aggregate extraction. Not stated when originally began.",0,0,0,1,0,"Figure 6","I5",NA,NA,0.1,"m^2","Negative","",NA,NA,NA,0.1,"m^2","Coral",1,1,34.67625899,0.863309353,NA,NA,2003,NA,26.6025641,0.897435897,NA,NA,NA,NA,NA,NA,NA,NA,NA,NA,NA,NA,NA,NA,1,1,"70.07194245",3.45323741,NA,NA,2004,NA,41.85897436,3.141025641,NA,NA,NA,NA,NA,NA,NA,NA,NA,NA,"Extraction",NA,NA,NA,NA,1,15.25641026,NA,NA,NA,0.453298609166621,NA,NA,NA,NA,NA,NA,NA,NA,NA,NA,NA,NA,NA,NA,NA,NA,NA,NA,NA,1,0,0,0,0,0,0,0
"JD",304,"Whanpetch et al, 2010","JD",0,0,0,0,1,1,0,0,0,0,NA,NA,"polychaetes, gastropods","seagrass",9.223611,98.327778,"Khlong Khura, Phang-nga Province, Thailand","Yes","Tsunami","Yes","2004",NA,0,0,0,1,0,"Figure 4","K2 non-veg",2500,"m^2",2540,"cm^3","Uncertain","Recovery? Depends on time scale",2004,2500,"m^2",0.00254,"m^3","Plants",5,1,138.3783784,475.6756757,"SD",NA,2001,"1",6.666666667,3.522012579,"SD",NA,NA,NA,"0.707602339",0.152046784,"SD",NA,NA,NA,3.522012579,NA,0.152046784,NA,5,1,"77.83783784",56.21621622,"SD",NA,2006,"12",4.779874214,3.647798742,"SD",NA,NA,NA,0.742690059,0.093567252,"SD",NA,NA,NA,"Tsunami",3.647798742,NA,0.093567252,NA,5,-1.886792453,5.1422016537542,-0.475033918740764,0.41128286119771,-0.332705753841526,0.172302571167299,-0.475033918740764,0.418943422779619,NA,NA,NA,NA,NA,NA,NA,NA,NA,NA,NA,NA,NA,NA,NA,NA,1,1,0,0,1,1,0,0
"JD",304,"Whanpetch et al, 2010","JD",0,0,0,0,1,1,0,0,0,0,NA,NA,"polychaetes, gastropods","seagrass",9.223611,98.327778,"Khlong Khura, Phang-nga Province, Thailand","Yes","Tsunami","Yes","2004",NA,0,0,0,1,0,"Figure 4","K2 veg",2500,"m^2",2540,"cm^3","Uncertain","Recovery? Depends on time scale",2004,2500,"m^2",0.00254,"m^3","Plants",5,1,181.6216216,86.48648649,"SD",NA,2001,"1",9.182389937,3.647798742,"SD",NA,NA,NA,"0.830409357",0.046783626,"SD",NA,NA,NA,3.647798742,NA,0.046783626,NA,5,1,"350.2702703",56.21621622,"SD",NA,2006,"12",16.10062893,1.257861635,"SD",NA,NA,NA,0.883040936,0.035087719,"SD",NA,NA,NA,"Tsunami",1.257861635,NA,0.035087719,NA,5,6.918238993,2.97773031098833,2.28890581192296,0.661954490792736,0.561570822732089,0.0327838481783948,2.28890581192296,0.839717536994902,NA,NA,NA,NA,NA,NA,NA,NA,NA,NA,NA,NA,NA,NA,NA,NA,1,1,0,0,1,1,0,0
"JD",304,"Whanpetch et al, 2010","JD",0,0,0,0,1,1,0,0,0,0,NA,NA,"polychaetes, gastropods","seagrass",9.250556,98.341667,"Khlong Khura, Phang-nga Province, Thailand","Yes","Tsunami","Yes","2004","There was no K3 veg compared over  years",0,0,0,1,0,"Figure 4","K3 non-veg",2500,"m^2",2540,"cm^3","Uncertain","Recovery? Depends on time scale",2004,2500,"m^2",0.00254,"m^3","Plants",5,1,164.3243243,64.86486486,"SD",NA,2001,"1",10.44025157,3.773584906,"SD",NA,NA,NA,"0.859649123",0.046783626,"SD",NA,NA,NA,3.773584906,NA,0.046783626,NA,5,1,"397.8378378",229.1891892,"SD",NA,2006,"12",12.95597484,5.534591195,"SD",NA,NA,NA,0.748538012,0.076023392,"SD",NA,NA,NA,"Tsunami",5.534591195,NA,0.076023392,NA,5,2.51572327,8.97432854771251,0.479442938474594,0.411493276562658,0.215888380442337,0.0626259244628732,0.479442938474594,0.420705861442207,NA,NA,NA,NA,NA,NA,NA,NA,NA,NA,NA,NA,NA,NA,NA,NA,1,1,0,0,1,1,0,0
"JD",67,"Kilfoyle et al, 2013","JD",0,0,0,1,0,0,0,0,0,0,NA,NA,"fishes, including small cryptic fish","rocky subtidal",26.008958,-80.110575,"Hollywood Beach, Florida","Yes","Mitigation boulders added to beach. Testing whether these boulders are a suitable replacement for a natural reef",NA,"2003","Shannon and Simpson calculated from raw data table. Could calculate Pielou's",1,0,0,0,0,"Table 1","B",NA,NA,1500,"m^2","Positive","",2003,NA,NA,1500,"m^2","Mixed inverts",1,25,1976,NA,NA,NA,2004,"8",56,NA,NA,2.917752136,NA,NA,"10.002654",NA,NA,NA,NA,NA,NA,NA,NA,NA,1,25,"2123",NA,NA,NA,2008,"8",69,NA,NA,3.079746172,NA,NA,13.11450935,NA,NA,NA,NA,NA,"Artificial Reef",NA,NA,NA,NA,4,13,NA,NA,NA,0.20875481386211,NA,NA,NA,0.161994036,NA,NA,NA,0.0540336785201387,NA,NA,NA,NA,NA,NA,NA,NA,NA,NA,NA,1,0,1,0,0,0,0,0
"JD",714,"Hudson et al. 2007","JD",1,0,0,0,0,0,0,0,0,0,NA,NA,"scleractinian coral recruits","coral reef",25.026809,-80.366392,"Molasses Reef, Florida","Yes","vessel grounding, hurricane Georges, restoration","Yes","1984, 1998, 2002","Coral recruits - acceptable? Restored site. Reef stabilized, hurricane craters filled in, rebuilt reef topography.",1,0,0,0,0,"Table 3 + Table 5","restored",25,"m^2",1,"m^2",NA,NA,NA,25,"m^2",1,"m^2","Mixed",25,1,0.84547451,0.239478451,"SE",NA,2004,"9",11,NA,NA,2.174,NA,NA,"0.138",NA,NA,0.907,NA,NA,NA,NA,NA,NA,20,1,"1.961770624",0.402414487,"SE",NA,2006,"9",6,NA,NA,1.354,NA,NA,0.314,NA,NA,0.756,NA,NA,NA,NA,NA,NA,NA,2,-5,NA,NA,NA,-0.606135803570316,NA,NA,NA,-0.82,NA,NA,NA,-0.473505614208934,NA,NA,NA,-0.151,NA,NA,NA,-0.182101073935604,NA,NA,NA,1,0,1,0,0,0,0,0
"JD",714,"Hudson et al. 2007","JD",1,0,0,0,0,0,0,0,0,0,NA,NA,"scleractinian coral recruits","coral reef",25.026809,-80.366392,"Molasses Reef, Florida","Yes","vessel grounding, Hurricane Georges","Yes","1984, 1998","Coral recruits - acceptable? Unrestored site - M/V Wellwood grounding 1984, hurricane Georges 1998",1,0,0,0,0,"Table 3 + Table 5","unrestored",25,"m^2",1,"m^2","Negative","",NA,25,"m^2",1,"m^2","Mixed",25,1,1.330010834,0.3891666,"SE",NA,2004,"9",6,NA,NA,1.18,NA,NA,"0.396",NA,NA,0.659,NA,NA,NA,NA,NA,NA,20,1,"3.742454728",0.945674044,"SE",NA,2006,"9",4,NA,NA,1.839,NA,NA,0.356,NA,NA,0.822,NA,NA,"Multiple",NA,NA,NA,NA,2,-2,NA,NA,NA,-0.405465108108164,NA,NA,NA,0.659,NA,NA,NA,0.443707507144611,NA,NA,NA,0.163,NA,NA,NA,0.221016860553673,NA,NA,NA,1,0,1,0,0,0,0,0
NA,663,"Tapp et al. 1993","JD",0,0,0,0,1,1,1,0,0,0,NA,NA,"benthic fauna: polychaetes, molluscs","subtidal mudflat",54.62013937,-1.154335985,"Tees Estuary, UK","Yes","reduction in Biochemical Oxygen Demand (BOD)","Yes","1970","Have general expectation that estuary community health will improve. Unclear exactly when BOD of effluent was reduced, assuming 1970 based on introduction. There is also a general statement that conditions have improved since 1973, but there is no specific event. Individuals calculated by multiplying the averages in table 1 by the 30 plots sampled.",0,0,0,1,0,"Table 1","tees",NA,NA,3,"m^2","Positive","",1970,NA,NA,3,"m^2","Coral",30,1,2610,NA,NA,NA,1979,"9",33,NA,NA,NA,NA,NA,NA,NA,NA,NA,NA,NA,NA,NA,NA,NA,30,1,"6180",NA,NA,NA,1990,"9",66,NA,NA,NA,NA,NA,NA,NA,NA,NA,NA,NA,"Restoration",NA,NA,NA,NA,11,33,NA,NA,NA,0.693147180559945,NA,NA,NA,NA,NA,NA,NA,NA,NA,NA,NA,NA,NA,NA,NA,NA,NA,NA,NA,1,0,0,0,0,0,0,0
NA,208,"Hussin et al. 2012","JD",0,0,0,0,1,1,1,0,0,0,NA,NA,"benthic macrofauna - assumed to be sessile + mobile (no species given)","subtidal mudflat",52.02451246,1.924952223,"Felixstowe, UK","Yes","high level of aggregate dredging (>10 h dredging within 100 m in 1995) was stopped","Yes","1995","Dredging in the area started in 1971, dredging stopped in 1996. This study looked at recovery of benthic infauna community.",0,0,0,1,0,"Figure 3 + Figure 5","high",NA,NA,0.1,"m^2",NA,NA,1995,NA,NA,0.1,"m^2","Coral",10,1,28.43601896,22.74881517,"95 % CI",NA,2001,"1",17.57575758,6.060606061,"95 % CI",NA,NA,NA,"0.89982675",0.032432432,"95 % CI",0.874611708,0.041935484,"95% CI",9.77822405805172,NA,0.0523267118257806,0.0676590021538513,10,1,"110.9004739",59.71563981,"95 % CI",NA,2007,"1",36.36363636,10.90909091,"95 % CI",NA,NA,NA,0.87956143,0.064864865,"95 % CI",0.810107527,0.090322581,"95% CI",NA,17.6008033048158,NA,0.104653425264968,0.145727081686249,6,18.78787878,40.5401942704276,1.26373212920985,0.239925472359932,0.727048731894247,0.0543799625677659,1.26373212920985,0.255835377730802,NA,NA,NA,NA,NA,NA,NA,NA,-0.064504181,0.00258141229092457,-0.54372508414034,0.207390924178085,-0.0766130373414972,0.00383434079683994,-0.54372508414034,0.214464679338755,1,1,0,0,1,1,0,0
NA,208,"Hussin et al. 2012","JD",0,0,0,0,1,1,1,0,0,0,NA,NA,"benthic macrofauna - assumed to be sessile + mobile (no species given)","subtidal mudflat",52.02451246,1.924952223,"Felixstowe, UK","Yes","low level of aggregate dredging (<1 h dredging within 100m block in 1995) was stopped","Yes","1995","Dredging in the area started in 1971, dredging stopped in 1996. This study looked at recovery of benthic infauna community.",0,0,0,1,0,"Figure 3 + Figure 5","low",NA,NA,0.1,"m^2",NA,NA,1995,NA,NA,0.1,"m^2","Coral",10,1,136.492891,22.74881517,"95 % CI",NA,2001,"1",47.87878788,4.848484848,"95 % CI",NA,NA,NA,"0.928210078",0.018913969,"95 % CI",0.83911589,0.025818399,"95% CI",7.82257924515065,NA,0.0305159294050088,0.0416555848872519,10,1,"255.9241706",45.49763033,"95 % CI",NA,2007,"1",76.96969697,6.666666667,"95 % CI",NA,NA,NA,0.918750619,0.028378378,"95 % CI",0.803655914,0.03874552,"95% CI",NA,10.7560464636956,NA,0.0457858728475581,0.0625122920038812,6,29.09090909,17.6885281575839,2.96231771018453,0.419383155401823,0.47473923397019,0.00462223601271229,2.96231771018453,0.4485667931729,NA,NA,NA,NA,NA,NA,NA,NA,-0.0354599759999999,0.000564297440387755,-0.63929982807081,0.210217606754284,-0.0431776157400061,0.000851484120984012,-0.63929982807081,0.215751964177205,1,1,0,0,1,1,0,0
